﻿"編號","報修日期","完成日期","當前狀態","報價進度","歸檔狀態","負責工程師","客戶名稱","機型","時效(天)","聯絡人","電話","地址","保固","問題狀況","其他詳細資訊"
"T-4233","2026-06-04","2026-06-23","取消叫修","","已封存","陳柏凱 Kevin","全家-葵爾特店","ICP XS / E60SJ22103006101","5","","","","","叫修：","叫修： 1.客戶名稱/經銷：全家-葵爾特店 2.統編： 3.聯絡人：林小姐 4.聯絡電話號碼：0225960017 5.地址：台北市中山區中山北路三段４５之１號１樓 6.機型/機號：E60SJ22103006101 7.保固與否：否 8.故障問題：Rational智能蒸烤爐螢幕一直跳來跳去、沒有烹烤卻顯示需將前面烘烤作業完成，營業時間07-22"
"T-3868","2026-06-05","2026-06-22","完修","","已封存","邱信豪 Mars","全家-京萬店 (代碼36 專案)","XS","5","","","","","代碼36 專案","代碼36 專案"
"T-0431","2026-06-05","2026-06-17","完修","","已封存","邱信豪 Mars","全家-新豐新庄 (代碼36 專案)","XS","5","","","","","代碼36 專案","代碼36 專案"
"T-7787","2026-06-04","2026-06-04","完修","","已封存","邱信豪 Mars","全家-中和華夏 (代碼36 專案)","XS","5","","","","","代碼36 專案","代碼36 專案"
"T-9761","2026-06-05","2026-06-16","完修","","已封存","邱信豪 Mars","全家-平鎮壢新 (代碼36 專案)","XS","5","","","","","代碼36 專案","代碼36 專案"
"T-1728","2026-05-19","2026-07-02","完修","","已封存","邱信豪 Mars","全家-中和金原 (代碼36 專案)","XS","5","","","","","代碼36 專案","代碼36 專案"
"T-2767","2026-05-29","2026-06-05","報價","未報價","處理中","楊棟嘉 Ken","小弗奇餐坊","真空包裝機","5","","","","","無法抽真空","無法抽真空"
"T-7156","2026-06-05","2026-06-16","完修","","已封存","陳祐嘉 Dean","薩利亞桃園大全聯-優仕咖啡","A400","11","","","","","優仕咖啡-6/16上午10:30 A400裝機+牛奶冰箱 薩莉亞桃園大全聯店 裝機地址：桃園市中壢區中北路二段468號 B1  設備由優仕自行送至門市 此筆為新機安裝故已收費","優仕咖啡-6/16上午10:30 A400裝機+牛奶冰箱 薩莉亞桃園大全聯店 裝機地址：桃園市中壢區中北路二段468號 B1  設備由優仕自行送至門市 此筆為新機安裝故已收費"
"T-8132","2026-05-19","2026-05-19","完修","","已封存","邱信豪 Mars","全家-八德重慶 (代碼36 專案)","XS","5","","","","","代碼36專案","代碼36專案"
"T-8038","2026-06-05","2026-06-09","完修","","已封存","陳柏凱 Kevin","欣光食品","SCC 202","5","","","","","1.客戶名稱/經銷：欣光食品","1.客戶名稱/經銷：欣光食品 2.統編： 3.聯絡人：劉先生 4.聯絡電話號碼：0926811571 5.地址：320桃園市中壢區南園路2-20號 6.機型/機號：SCC 202 7.保固與否：過保 8.故障問題：蒸氣產生不足，食物煮不熟（副總本週四有去現場確認過）"
"T-3490","2026-06-08","2026-06-30","完修","同意報價","已封存","劉明忠 Yuie","大韓米熱狗","咖啡機","5","","","","","檢修","檢修"
"T-9840","2026-06-05","2026-06-16","完修","","已封存","林正賢 Jeff","家樂福超市-三民店","蒸烤箱","15","","","","","同意報價","同意報價  1.客戶名稱/經銷：家樂福超市-三民店 2.統編： 3.聯絡人：李俊毅安全課經理 4.聯絡電話號碼：0978-008-429 5.地址：台北市松山區三民路160號 6.機型/機號: 7.保固與否： 8.故障問題：維修服務25 不使用Cleanjet,可以烹飪，CleanJet 過程中水量過小。"
"T-6440","2026-06-08","2026-07-08","完修","同意報價","已封存","林正賢 Jeff","了了生活股份有限公 司","ICP 101","5","","","","","叫修：","叫修： 1.客戶名稱：了了生活股份有限公司 2.統編： 3.聯絡人：江孟龍 4.連絡電話：0953080358 5.維修地址：宜蘭縣礁溪鄉公園路70巷30號 6.機型/機號：E11SJ20042825153 7.保固與否：否 8.固障問題：左後方常常漏水  客戶想要先取得報價單"
"T-2597","2026-06-07","2026-06-08","完修","","已封存","邱信豪 Mars","家康信義店","XS","5","","","","","1.客戶名稱/經銷：家康信義店","1.客戶名稱/經銷：家康信義店 2.統編： 3.聯絡人：黃家翔 4.聯絡電話號碼： 0983276576 5.地址：台北市信義區松壽路12號5樓ATT4FUN百貨 6.機型/機號：iCP XS 7.保固與否：保固 8.故障問題：一直重複跳電"
"T-4100","2026-06-10","2026-06-16","報價","未報價","處理中","楊棟嘉 Ken","台中港中油（緯成）","SCC WE 101","5","","","","","現場老鼠咬破大量電線及管路","現場老鼠咬破大量電線及管路 需評估維修費用"
"T-4650","2026-06-10","2026-06-11","報價","已報價","處理中","廖聖典 Max","好膳企業股份有限公司","急速冷凍機","5","","","","","叫修:","叫修:  1.客戶名稱/經銷：好膳企業股份有限公司 2.統編：42826026 3.聯絡人：郭照應 4.聯絡電話號碼：0932-998-269 5.地址：中和區中山路988巷8號2樓 6.機型/機號：IVY M-111700515 7.保固與否：否 8.故障問題：客戶自己撞壞面板"
"T-5396","2026-06-09","2026-07-09","完修","","已封存","劉峻宇 Otto","楊為升","Mina","5","","","","","叫修:","叫修:  1.客戶名稱/經銷：楊為升 2.統編：95007995 3.聯絡人：楊為升 4.聯絡電話號碼：0988891771 5.地址：新北市石門區八甲1號（咖灰） 6.機型/機號：Mina 7.保固與否：否 8.故障問題：1.沖煮頭壓力值需調整（目前8-7bar 2.蒸汽棒頭段漏水 3.機器保養"
"T-4974","2026-06-11","2026-06-11","報價","已報價","處理中","陳祐嘉 Dean","北投雅樂軒酒店","SCC WE 101","5","","","","","叫修：","叫修： 1.客戶名稱/經銷：北投 雅樂軒酒店 2.統編： 3.聯絡人：工程值班 4.聯絡電話號碼：0976-756878 5.地址：台北市北投區大業路300巷1號3樓廚房 6.機型/機號：SCC E11SH16042511402 7.保固與否：過保 8.故障問題：噴槍無法收回"
"T-5161","2026-06-11","2026-06-15","完修","","已封存","劉峻宇 Otto","大巨蛋Sogo City","SCC WE 61","5","","","","","1.客戶名稱/經銷：大巨蛋Sogo City","1.客戶名稱/經銷：大巨蛋Sogo City 2.統編： 3.聯絡人： 4.聯絡電話號碼：03 211 8200 5.地址：台北市信義區忠孝東路四段515號 6.機型/機號：E61SJ25083248630+E61SJ25083248631 7.保固與否：保固內 8.故障問題：依據原廠要求更換:40.06.037P脈衝發生器*2"
"T-3354","2026-06-12","2026-06-16","完修","","已封存","劉明忠 Yuie","嘉豪團膳便當","ICP 202","5","","","","","1.客戶名稱/經銷：嘉豪團膳便當","1.客戶名稱/經銷：嘉豪團膳便當 2.統編： 3.聯絡人：蕭先生 4.聯絡電話號碼： 0977-013-092 06 680 1953 5.地址：733台南市東山區東勢183-1號 6.機型/機號：icp40盤瓦斯（右台） 7.保固與否：保固 8.故障問題：門膠條破損"
"T-9951","2026-06-12","2026-07-10","完修","同意報價","已封存","劉明忠 Yuie","高雄空廚","ICC 202","5","","","","","無法清洗","無法清洗 (大昌機台)"
"T-3433","2026-06-12","2026-06-15","完修","","已封存","劉明忠 Yuie","全家-仁武五和店","XS","5","","","","","網路斷線","網路斷線"
"T-1933","2026-06-12","2026-06-16","完修","","已封存","劉明忠 Yuie","全家-善化啤酒店","XS","5","","","","","網路斷線","網路斷線"
"T-1223","2026-06-12","2026-06-15","完修","","已封存","劉明忠 Yuie","全家-台南崇善店","XS","5","","","","","網路斷線","網路斷線"
"T-9612","2026-07-20","","未執行","","處理中","劉明忠 Yuie","全家-左營海訓店","XS","30","","","","","沒有在rational網路平台裡面","沒有在rational網路平台裡面"
"T-1539","2026-06-12","","未完成 / 另約時間","","處理中","劉明忠 Yuie","家樂福-台南新營","SCC WE 201","50","","","","","索賠同意報價維修換玻璃","索賠同意報價維修換玻璃  7/10 待零件同意報價一起處理"
"T-3871","2026-06-12","2026-06-15","完修","","已封存","陳柏凱 Kevin","全家-花蓮尚美","Xs","5","","","","","叫修:","叫修: 1.客戶名稱/經銷：全家- 花蓮尚美店 2.統編： 3.聯絡人：蕭小姐 4.聯絡電話號碼：038246503 5.地址：花蓮縣花蓮市中美路２９３之８號 6.機型/機號：E60SJ22113014224 7.保固與否：否 8.故障問題：6/10來維修後Rational智能蒸烤爐喇叭聲音異常，側板未鎖起來，設備會自己關機 （非清洗完畢後）"
"T-0955","2026-06-12","","未完成 / 另約時間","","處理中","廖聖典 Max","日樂芙台灣股份有限公司(薇思克)","MF70.1","5","","","","","1.客戶名稱/經銷：日樂芙台灣股份有限公司(薇思克)","1.客戶名稱/經銷：日樂芙台灣股份有限公司(薇思克) 2.統編：80292991 3.聯絡人：蘇雨欣小姐  4.聯絡電話號碼：02-29957258#302 5.地址：三重區光復路一段61巷26號7樓之1 6.機型：MF70.1/041800297 7.保固與否：過保 8.問題：有異音"
"T-0390","2026-06-12","2026-06-17","完修","","已封存","陳柏凱 Kevin","美棧中壢","ICP101","5","","","","","1.客戶名稱/經銷：美棧中壢","1.客戶名稱/經銷：美棧中壢 2.統編：00111543 3.聯絡人： 工務朱文祥 4.聯絡電話號碼：0936107712 (03)4266363 5.地址：桃園縣中壢市中正路89號 6.機型：ICP101/E11SJ25073235478 7.保固與否：保固 8.問題：操作時運轉覺得聲響比以前大"
"T-7793","2026-06-12","2026-06-15","完修","","已封存","陳柏凱 Kevin","天母餐酒館/啟辰","ICP 61","5","","","","","""緊急""叫修：","""緊急""叫修： 1.客戶名稱/經銷：天母餐酒館/啟辰 2.統編： 3.聯絡人：郭先生 4.連絡電話：0914035500 5.維修地址：台北市士林區中山北路七段36之1號 6.機型/機號：E61SJ24073152393 7.保固與否：是 8.固障問題：溫度感測器故障"
"T-3480","2026-06-12","2026-06-22","完修","","已封存","劉峻宇 Otto","6/22 裝機","SLAYER 半自動單孔咖啡機","10","","","","","2026/6/22(一)上午10:00準時送達","2026/6/22(一)上午10:00準時送達 桃園市大溪區石園路498號 SLAYER 半自動單孔咖啡機(1相220V) SL-M-ESPRESSO-B-4 機器序號: 13592 聯絡人:	0982488017 陳維修"
"T-2500","2026-06-12","2026-06-17","完修","","已封存","劉峻宇 Otto","花宅咖啡有限公司","咖啡機","5","","","","","叫修：","叫修： 1.客戶名稱/經銷：花宅咖啡有限公司 2.統編： 3.聯絡人：賴先生 4.連絡電話：0920235129  5.維修地址：臺北市松山區中華里敦化北路145巷6號 6.機型/機號： 7.保固與否： 8.固障問題：出水量忽高忽低! 口頭報價:30005-21200 流量計2,500+工資800請派工!"
"T-6318","2026-06-14","2026-06-17","完修","","已封存","劉明忠 Yuie","竹湖山居","SCC WE 61","5","","","","","1.客戶名稱/經銷：竹湖山居","1.客戶名稱/經銷：竹湖山居 2.統編： 3.聯絡人：許美菊 4.聯絡電話號碼：  09-3797-5692 5.地址：台東縣長濱鄉竹湖村移民路一鄰41號 6.機型/機號： 7.保固與否：否 8.故障問題："
"T-3595","2026-06-15","2026-06-15","完修","","已封存","楊棟嘉 Ken","21世紀-昌平","ICP 61","5","","","","","叫修規定格式","叫修規定格式 1.客戶名稱/經銷：21世紀-昌平 2.統編： 3.聯絡人：羅S-店長 4.聯絡電話號碼：04-22475721 5.地址：台中市北屯區昌平路一段352-1號1樓 6.機型/機號： 7.保固與否：否 8.故障問題：無法清洗"
"T-4822","2026-06-15","2026-06-15","報價","同意報價","處理中","林正賢 Jeff","金色三麥桃園藝文店","Icp 101","5","","","","","叫修","叫修 店  名:金色三麥桃園藝文店 地  址:桃園市南平路301號 現場連絡人:楊雅婷 連絡電話: 0921902437 維修設備:蒸烤箱會漏水 提供照片:清洗漏水"
"T-6451","2026-06-15","2026-06-15","完修","","已封存","陳柏凱 Kevin","金色三麥 中壢店","SCC WE 61","5","","","","","叫修","叫修 店    名:金色三麥 中壢店 地    址:桃園市中壢區元化路357號8樓 連絡人:吳育慈 電    話:03-2709090 機號E61SI17022574945 故障狀況: Service 26"
"T-6183","2026-06-15","2026-06-15","完修","","已封存","劉明忠 Yuie","大和食堂-六合","ICP 61","5","","","","","清洗中斷","清洗中斷 代碼32_1_22"
"T-3967","2026-06-15","2026-06-15","完修","","已封存","陳祐嘉 Dean","全家-  鑫都店","XS","5","","","","","叫修:二級維修","叫修:二級維修 1.客戶名稱/經銷：全家便利商店- 鑫都店 2.統編： 3.聯絡人：江勝倚  4.聯絡電話號碼：0223885903 5.地址：台北市萬華區成都路７１號１樓 6.機型/機號:E60SJ23073072221 7.保固與否： 8.故障問題：Rational智能蒸烤爐不運作!"
"T-3780","2026-06-15","2026-06-15","完修","","已封存","邱信豪 Mars","全家- 民旺店","XS","5","","","","","叫修:三級維修","叫修:三級維修 1.客戶名稱/經銷：全家便利商店- 民旺店 2.統編： 3.聯絡人：陳先生 4.聯絡電話號碼：0225172095 5.地址：台北市中山區民生東路二段１４７巷３之１號１樓 6.機型/機號:E60SJ24023118364 7.保固與否： 8.故障問題：Rational智能蒸烤爐要更新"
"T-0638","2026-06-15","2026-06-16","完修","","已封存","陳柏凱 Kevin","金色三麥竹北","ICP 101","5","","","","","1.客戶名稱/經銷：金色三麥 竹北店","1.客戶名稱/經銷：金色三麥 竹北店 2.統編： 3.聯絡人：林峻祥 4.聯絡電話號碼：0987765160 5.地址：新竹縣竹北市自強南路36號1樓 6.機型/機號：右:E11SJ22022953924 7.保固與否：過保 8.故障問題：S47_1"
"T-5602","2026-06-15","2026-06-16","取消叫修","","已封存","林正賢 Jeff","全家-板橋車站","XS","5","","","","","叫修:","叫修: 1.客戶名稱/經銷：全家-板橋車站店 2.統編： 3.聯絡人：王楷崴 4.聯絡電話號碼：0289693201 5.地址：新北市板橋區縣民大道二段７號Ｂ１ 6.機型/機號：E60SJ22012943255 7.保固與否： 8.故障問題：Rational智能蒸烤爐球閥故障S27"
"T-6434","2026-06-15","2026-07-07","取消叫修","","已封存","劉明忠 Yuie","居高風味餐廳","SCC WE 61","5","","","","","叫修:","叫修: 1.客戶名稱/經銷：居高風味餐廳  2.統編： 3.聯絡人：鄭先生 4.聯絡電話號碼：0975073717 5.地址：屏東中正路二段168號 6.機型/機號：機型：SCC061  7.保固與否：過保 8.故障問題：時間不會變動，烹煮功能正常  周三公休"
"T-8626","2026-06-15","","未完成 / 另約時間","","處理中","楊棟嘉 Ken","晴品眼鏡","咖啡機","5","","","","","咖啡機裝機","咖啡機裝機"
"T-9427","2026-06-16","2026-06-16","完修","","已封存","劉明忠 Yuie","全家-安定緯穎店","XS","5","","","","","叫修:二級維修","叫修:二級維修 1.客戶名稱/經銷：全家便利商店-安定緯穎店 2.統編： 3.聯絡人：羅店長 4.聯絡電話號碼：065052311 5.地址：台南市安定區北園三路８號４樓 6.機型/機號:E60SJ23053056139 7.保固與否： 8.故障問題：Rational智能蒸烤爐不能開機,廠區店，請先電聯羅店長0970491640"
"T-5283","2026-06-16","2026-07-01","完修","","已封存","邱信豪 Mars","全家_回裝","XS","15","","","","","麻煩派工：","麻煩派工：  7/1 10:00 iCP XS裝機裝回 全家陳課長 0933218980 新北市中和區圆通路295之5號1樓"
"T-4360","2026-06-16","","未完成 / 另約時間","","處理中","陳祐嘉 Dean","尚品義響-齊成","磨豆機","5","","","","","叫修","叫修 1.齊成咖啡(台中經銷商) 2.聯絡人:  2.mazzer 3.設備地址：忘記了 但知道位置 5.問題："
"T-5108","2026-06-16","2026-07-01","取消叫修","","已封存","楊棟嘉 Ken","全家-太保祥東","XS","5","","","","","叫修:三級維修","叫修:三級維修 1.客戶名稱/經銷：全家便利商店-太保祥東店 2.統編： 3.聯絡人：葉永坤 4.聯絡電話號碼：	053621853 5.地址：嘉義縣太保市安仁里１３鄰祥和一路東段２０號一樓 6.機型/機號:E60SJ23053061834 7.保固與否： 8.故障問題：Rational智能蒸烤爐顯示蒸氣發生器水位識別故障 s-14 蒸汽發生器水位檢測故障"
"T-2290","2026-06-16","2026-06-16","完修","","已封存","劉峻宇 Otto","稼咖啡","磨豆機","5","","","","","叫修:","叫修:  1.客戶名稱/經銷：稼咖啡 2.統編： 3.聯絡人：黃老闆 4.聯絡電話號碼：2954-9699 / 0925-180291 5.地址： 新北市民族路129巷10號 6.機型/機號：Mazzer jolly  7.保固與否：過保 8.故障問題：無法出粉"
"T-8921","2026-06-16","2026-06-17","完修","","已封存","林正賢 Jeff","喬元手創食品","ICP 202","5","","","","","叫修：","叫修： 1.客戶名稱/經銷：喬元手創食品有限公司 2.統編： 3.聯絡人：章小姐 4.聯絡電話號碼：02-2206-6300 5.地址：樹林區忠愛街3號6樓 6.機型/機號：ICP 202 7.保固與否：保固，剛裝機不久 8.故障問題：門墊圈底部脫落"
"T-0289","2026-06-16","2026-06-16","完修","","已封存","劉峻宇 Otto","展示廚房","急速冷凍機","5","","","","","⬆️廚房展示間CP next 補單","⬆️廚房展示間CP next 補單"
"T-3189","2026-06-16","2026-06-17","完修","","已封存","楊棟嘉 Ken","快樂蘇打-鹿港店","SCC XS","5","","","","","漏水","漏水"
"T-7115","2026-06-16","2026-06-17","報價","","處理中","林正賢 Jeff","馬禾軒","急速冷凍機","5","","","","","叫修:","叫修: 1.客戶名稱/經銷：馬禾軒 2.統編： 3.聯絡人：Marc Lin 4.聯絡電話號碼：0939333458 5.地址： 宜蘭縣羅東鎮純精路三段 158號 6.機型/機號： MF70.1 / 200700265M 7.保固與否：否 8.故障問題：溫度無法下降"
"T-2169","2026-06-15","2026-06-15","完修","","已封存","劉峻宇 Otto","⬆️4樓咖啡部門展間 Mytico","Mytico","5","","","","","維修","維修"
"T-9671","2026-06-16","2026-07-01","完修","","已封存","劉明忠 Yuie","隱岳閣-台南雀客","SCC WE 101","5","","","","","同意報價","同意報價 .聯絡人：邱國恩  4.聯絡電話號碼：06-2433613 5.地址：台南市永康區塩行里中正北路218號 6.機型/機號： 7.保固與否：否 8.故障問題：漏水"
"T-7492","2026-06-16","2026-06-23","完修","","已封存","劉明忠 Yuie","新悅花園酒店","SCC WE 202","8","","","","","鍋爐保養","鍋爐保養"
"T-5868","2026-06-17","2026-07-01","取消叫修","","已封存","楊棟嘉 Ken","全家-布袋上海店","XS","5","","","","","叫修:三級維修","叫修:三級維修 1.客戶名稱/經銷：全家便利商店-布袋上海店 2.統編： 3.聯絡人：周小姐 4.聯絡電話號碼：	053478805  5.地址：嘉義縣布袋鎮上海路２１１號 6.機型/機號:E60SJ23053061835 7.保固與否： 8.故障問題：Rational智能蒸烤爐裡面網子螺絲掉一顆"
"T-9282","2026-06-14","2026-06-15","完修","","已封存","楊棟嘉 Ken","21世紀-昌平","ICP 61","5","","","","","叫修規定格式","叫修規定格式 1.客戶名稱/經銷：21世紀-昌平 2.統編： 3.聯絡人：羅S-店長 4.聯絡電話號碼：04-22475721 5.地址：台中市北屯區昌平路一段352-1號1樓 6.機型/機號： 7.保固與否：否 8.故障問題：無法清洗"
"T-8021","2026-06-29","2026-06-30","完修","","已封存","林正賢 Jeff","桃園醫院-左台","SCC WE101","5","","","","","叫修:","叫修: 1.客戶名稱/經銷：桃園醫院 2.統編： 3.聯絡人：營養師 /  4.聯絡電話號碼：03-3699721轉3041 5.地址：桃園市桃園區中山路1492號B1營養科供膳 6.機型/機號:E11SI17032576688(左邊蒸烤箱) 7.保固與否：過保 8.故障問題：漏水"
"T-3053","2026-06-17","2026-07-06","完修","同意報價","已封存","劉明忠 Yuie","家樂福 台東店","SCC WE 201","5","","","","","叫修:","叫修: 1.公司名稱:家樂福 台東店 2.統編： 3.聯絡人：養護課長曾永賢 4.連絡電話：0972-166-255 5.維修地址：台東縣台東市正氣路300之1號地下1樓 6.設備品牌型號/序號：E21SI18062677613 7.保固與否：過保 8.問題：水槍總成,請報價!"
"T-5288","2026-06-17","2026-06-18","完修","","已封存","陳柏凱 Kevin","全家-龍潭中興","XS","5","","","","","叫修:三級維修","叫修:三級維修 1.客戶名稱/經銷：全家便利商店-龍潭中興店 2.統編： 3.聯絡人：秦嬿麟 4.聯絡電話號碼：034990684 5.地址：桃園市龍潭區中興村中興路６５號１樓 6.機型/機號：E60SJ23073072574 7.保固與否：否 8.故障問題：Rational智能蒸烤爐晚上清潔完畢 無法正常開機"
"T-4022","2026-06-17","2026-06-18","完修","","已封存","陳柏凱 Kevin","21世紀 桃園遠百","ICP","5","","","","","叫修:","叫修: 1.客戶名稱/經銷：21世紀_桃園遠百 2.統編： 3.聯絡人：吳S-職員 4.聯絡電話號碼：03-331-1521 5.地址：桃園市中正路20號 6.機型/機號： 7.保固與否： 8.故障問題：供應水會斷斷續續"
"T-2666","2026-06-17","2026-06-18","完修","","已封存","邱信豪 Mars","聚禾豐股份有限公司","XS","5","","","","","叫修:","叫修:  1.客戶名稱/經銷：聚禾豐股份有限公司- *kafeD 台北101 The One店* 2.統編：50824845 3.聯絡人：陳先生 4.聯絡電話號碼：0912-976616 5.地址：臺北市信義區西村里市府路45號4樓11櫃 6.機型/機號：ICP  XS ULTRAVENT PLUS /E60SJ23083076655 7.保固與否：過保 8.故障問題： 5/20叫修近期油煙味變重，也未洗過前排濾網，可能後方HEPA過濾器須更換。  6/17叫修供水裝置故障"
"T-1256","2026-06-17","2026-06-29","完修","已報價","已封存","劉峻宇 Otto","張耿僖/丸品企業(經銷","ICP 101","5","","","","","叫修:","叫修: 1.客戶名稱/經銷：張耿僖/丸品企業(經銷) 2.統編： 3.聯絡人：張耿僖 4.聯絡電話號碼：0912887735 5.地址：新北市土城區中興路9號 6.機型/機號：E11SJ20072835687 7.保固與否：否 8.故障問題：s-110   s34  s10 營業時間早上9點~6點"
"T-4865","2026-06-17","2026-06-17","完修","","已封存","劉峻宇 Otto","諾亞場勘","ICP 61","5","","","","","諾亞場勘","諾亞場勘 再麻煩與旺洲沈老闆約時間  謝謝"
"T-6614","2026-06-17","2026-07-01","報價","已報價","處理中","廖聖典 Max","源 海南雞飯","RC 752","5","","","","","叫修","叫修 店名：源 海南雞飯 聯絡人： 地址：104臺北市中山區雙城街12巷9-1號1樓 機型：robot coupe  序號：R752 問題：錯誤碼顯示"
"T-0995","2026-06-18","2026-06-18","完修","","已封存","劉峻宇 Otto","全家-板橋車站店","XS","5","","","","","叫修:","叫修: 1.客戶名稱/經銷：全家-板橋車站店 2.統編： 3.聯絡人：王楷崴 4.聯絡電話號碼：0289693201 5.地址：新北市板橋區縣民大道二段７號Ｂ１ 6.機型/機號：E60SJ22012943255 7.保固與否： 8.故障問題：營業擔當來電，Rational智能蒸烤爐顯示球閥故障S27，6/16 技師來查修回報沒問題相同問題又再出現了。麻煩優先處理因為連假人潮多設備用量大"
"T-8709","2026-06-18","2026-06-18","完修","","已封存","陳祐嘉 Dean","85大保養機器","咖啡機","5","","","","","叫修:","叫修: 1.客戶名稱/經銷：85大保養機器 2.統編： 3.聯絡人： 4.聯絡電話號碼： 5.地址：外包商 工作室 6.機型/機號：Evo *2 7.保固與否：否 8.故障問題：明日已約好跟外包商去載兩台８５大保養機器"
"T-7018","2026-06-18","2026-06-18","完修","","已封存","陳柏凱 Kevin","全家-楊梅國寶店","XS","5","","","","","叫修:二級維修","叫修:二級維修 1.客戶名稱/經銷：全家-楊梅國寶店 2.統編： 3.聯絡人：黃國峻 4.聯絡電話號碼：034882769 5.地址：桃園市楊梅區秀才路209號1樓 6.機型/機號：E60SJ23093085028 7.保固與否：否 8.故障問題：Rational智能蒸烤爐顯示錯誤資訊球閥功能故障"
"T-1220","2026-06-18","2026-06-18","完修","","已封存","邱信豪 Mars","承津","ICP 101","5","","","","","緊急叫修:","緊急叫修: 1.客戶名稱/經銷：承津 2.統編：50978496 3.聯絡人：宋先生 4.聯絡電話號碼：0916908466  5.地址：五股區芳洲二路71-10號（118號對面） 6.機型/機號：ICP101G/G11SJ20122863005 7.保固與否：過保 8.故障問題：門開門無感應"
"T-3180","2026-06-18","2026-06-22","完修","","已封存","劉峻宇 Otto","微兜 小碧潭","EVO 2","5","","","","","叫修:","叫修: 1.客戶名稱/經銷：微兜 小碧潭 2.統編： 3.聯絡人： 4.聯絡電話號碼：02-29115998 5.地址：新北市新店區中央路157號5樓 6.機型/機號：EVO2 7.保固與否：過保 8.故障問題：鍋爐壓力不足，萃取咖啡時有異音。"
"T-5678","2026-06-08","2026-06-25","完修","同意報價","已封存","林正賢 Jeff","家樂福超市-蘆洲三民店","ICP 101","5","","","","","叫修","叫修 1.客戶名稱/經銷：家樂福超市-蘆洲三民店 2.統編： 3.聯絡人：呂志謙區域養護經理 4.聯絡電話號碼：0928-760-440 5.地址： 新北市蘆洲區三民路54號 6.機型/機號：E11SJ20122862046 7.保固與否：過保 8.故障問題:無法清洗。S-47.1  清洗泵，清洗壓力管56.00.175P"
"T-2801","2026-06-18","2026-06-19","完修","","已封存","林正賢 Jeff","全家-樹林台鐵店","XS","5","","","","","叫修:二級維修","叫修:二級維修 1.客戶名稱/經銷：全家 - 樹林台鐵店 2.統編： 3.聯絡人：賴小姐 4.聯絡電話號碼：0226817735 5.地址：新北市樹林區鎮前街112號 6.機型/機號：E60SJ22082989914 7.保固與否：否 8.故障問題：Rational智能蒸烤爐不運作"
"T-6367","2026-06-18","2026-06-24","完修","","已封存","陳柏凱 Kevin","桃園醫院","SCC WE 101","5","","","","","叫修:","叫修: 1.客戶名稱/經銷：桃園醫院 2.統編： 3.聯絡人：營養師 /  4.聯絡電話號碼：03-3699721轉3041 5.地址：桃園市桃園區中山路1492號B1營養科供膳 6.機型/機號:E11SI17032576688(左邊蒸烤箱) 7.保固與否：過保 8.故障問題：5/28檢修清洗泵耗損，沖力弱  客戶報價單回傳 請派工"
"T-4453","2026-06-18","2026-06-19","完修","","已封存","林正賢 Jeff","21世紀-三峽北大","ICP 61","5","","","","","緊急叫修:","緊急叫修: 1.客戶名稱/經銷：21世紀-三峽北大 2.統編： 3.聯絡人： 4.聯絡電話號碼：02-26718821  5.地址：新北市三峽區大學路148之2號 6.機型/機號：ICP061/E61SJ24073152364 7.保固與否：保固 8.故障問題  風扇故障/烤雞烤不熟"
"T-9668","2026-06-21","2026-06-25","完修","","已封存","劉明忠 Yuie","85台南新營","EVO2 、DC-ONE","5","","","","","叫修:","叫修: 1.客戶名稱/經銷：85台南新營 2.統編： 3.聯絡人：店長 4.聯絡電話號碼：06-6379985 5.地址： 730台南市新營區民權路71號 6.機型/機號：EVO2 、DC-ONE 7.保固與否：如水垢收費 、刀盤更換收費 8.故障問題 1. 熱水又漏水 2.更換刀盤提醒"
"T-6342","2026-06-21","2026-06-22","完修","","已封存","林正賢 Jeff","薩莉亞桃園大全聯店-優仕咖啡","A400","5","","","","","薩莉亞桃園大全聯店","薩莉亞桃園大全聯店 裝機地址：桃園市中壢區中北路二段468號 B1 新裝機保固  連續兩天跳此錯誤 重開機後又可以正常 但偶時又會跳出"
"T-1264","2026-06-21","2026-06-22","完修","","已封存","林正賢 Jeff","全家 - 北護店","XS","5","","","","","1.客戶名稱/經銷：全家 - 北護店","1.客戶名稱/經銷：全家 - 北護店 2.統編： 3.聯絡人：林先生 4.聯絡電話號碼：0228212508 5.地址：台北市北投區明德路365號教學研究大樓一樓 6.機型/機號：E60SJ23073071436 7.保固與否：否 8.故障問題：Rational智能蒸烤爐顯示球閥故障;營業時間:06-24"
"T-6173","2026-06-20","2026-06-25","完修","","已封存","林正賢 Jeff","圓山10F宴會廚","ICP 202","5","","","","","1.客戶名稱/經銷：圓山10F宴會廚40盤","1.客戶名稱/經銷：圓山10F宴會廚40盤 2.統編： 3.聯絡人：林 副領班 4.聯絡電話號碼：0916409676 5.地址：臺北市中山北路四段1號 6.機型/機號：E22SJ25093253872 7.保固與否：保固 8.故障問題：側板脫落。"
"T-2520","2026-06-19","2026-06-20","完修","","已封存","陳祐嘉 Dean","薩利亞頂溪店-優士咖啡","A400","5","","","","","1.薩利亞 頂溪店 優士咖啡","1.薩利亞 頂溪店 優士咖啡 2.新北市永和區後溪里永和路二段121號2樓 3.保固 4.開機一直底部漏水 優士咖啡請我們協助緊急叫修處理"
"T-2675","2026-06-21","2026-06-22","完修","","已封存","邱信豪 Mars","21世紀-八德","ICP 61","5","","","","","1.客戶名稱/經銷：21世紀-八德","1.客戶名稱/經銷：21世紀-八德 2.統編： 3.聯絡人：李R-職員 4.聯絡電話號碼：02-25702221 5.地址：台北市松山區八德路三段12巷5弄14號 6.機型/機號： 7.保固與否： 8.故障問題：更換門邊條"
"T-8575","2026-06-19","2026-06-22","完修","","已封存","楊棟嘉 Ken","全家 - 彰化線東店","XS","5","","","","","1.客戶名稱/經銷：全家 - 彰化線東店","1.客戶名稱/經銷：全家 - 彰化線東店 2.統編： 3.聯絡人：洪小姐 4.聯絡電話號碼：047635121 5.地址：彰化縣彰化市線東路一段567號 6.機型/機號：E60SJ22082989907 7.保固與否：否 8.故障問題：Rational智能蒸烤爐微波完成廣播會有異音"
"T-7896","2026-06-19","2026-06-24","完修","","已封存","林正賢 Jeff","謙牪","iCP061","5","","","","","1.客戶名稱/經銷：謙牪","1.客戶名稱/經銷：謙牪 2.統編： 3.聯絡人：高小姐 4.聯絡電話號碼：  5.地址： 台北市中山區樂群三路303號1樓 A-10櫃 （櫃位於富錦樹餐廳旁） 6.機型/機號：iCP061/E61SJ24033126891 7.保固與否： 8.故障問題：Care盒漏水"
"T-5653","2026-06-18","2026-07-08","完修","未報價","已封存","邱信豪 Mars","承津","ICP 101","5","","","","","1.客戶名稱/經銷：承津","1.客戶名稱/經銷：承津 2.統編：50978496 3.聯絡人：宋先生 4.聯絡電話號碼：0916908466  5.地址：五股區芳洲二路71-10號（118號對面） 6.機型/機號：ICP101G/G11SJ20122863005 7.保固與否：過保 8.故障問題：門開門無感應 需另安排層架補銲，更換進水濾殼，進氣濾網，五通電磁閥"
"T-7619","2026-06-15","2026-06-18","完修","","已封存","劉明忠 Yuie","澎湖喜來登酒店","SCC WE 102","5","","","","","烤箱漏水無法清洗","烤箱漏水無法清洗  外包協助完成"
"T-8172","2026-06-20","2026-06-20","完修","","已封存","陳祐嘉 Dean","4F 展示廚房","設備","5","","","","","展會 所有設備水電拆除","展會 所有設備水電拆除"
"T-7967","2026-06-18","2026-06-20","完修","","已封存","陳祐嘉 Dean","家樂福-天母","SCC WE 201","5","","","","","同意報價維修","同意報價維修"
"T-8793","2026-06-20","2026-06-29","報價","已報價","處理中","林正賢 Jeff","家樂福-天母","SCC WC 201","5","","","","","需報價一隻排水管 再更換","需報價一隻排水管 再更換 另葉輪有異音  尾號637 左邊 玻璃變形 翹出 門推車檔片破裂損 門封條破損 需另報價三樣"
"T-1921","2026-06-18","2026-06-23","完修","","已封存","劉明忠 Yuie","全家-高雄菜公店","XS","5","","","","","1.客戶名稱/經銷：全家-高雄菜公店","1.客戶名稱/經銷：全家-高雄菜公店 2.統編： 3.聯絡人：林店長 4.電話：075882590 5.地址：高雄市左營區站前南路27號1樓 6.機型/機號：E60SJ24013112025 7.保固與否：保固(2024/6/17安裝) 8.故障問題：Rational智能蒸烤爐顯示S34.16 IO板"
"T-3589","2026-06-18","2026-06-25","完修","","已封存","劉峻宇 Otto","需拆裝機 實作","A600 A300","5","","","","","萊爾富湖鑽店下週二(6/23), 預計中午左右到貴公司載製冰機至門市裝機!","萊爾富湖鑽店下週二(6/23), 預計中午左右到貴公司載製冰機至門市裝機!  6/24 、6/25 二天二下午UCC &Family 的教育訓練 下午 1:30 - 4:00 為咖啡機工程技術的教學  機型 Franke A600 與 A300  設備 安裝需求規範 常見的故障問題排除 清潔 & 保養 需拆裝機 實作 Q&A  參與人員 Family 4位 UCC2~3位"
"T-7373","2026-06-21","2026-06-22","完修","","已封存","劉明忠 Yuie","餚籃實業","SCC WE 101","5","","","","","溫度異常烤不熟","溫度異常烤不熟"
"T-7336","2026-06-20","2026-06-22","報價","已報價","處理中","劉明忠 Yuie","家樂福-高雄愛河","SCC WE 201","5","","","","","清洗失敗漏水","清洗失敗漏水"
"T-1574","2026-06-22","2026-07-07","完修","同意報價","已封存","林正賢 Jeff","圓山-松鶴廳","ICP 202","5","","","","","叫修:","叫修: 1.客戶名稱/經銷：圓山-松鶴廳 2.統編： 3.聯絡人：工務 4.聯絡電話號碼：2886-1818*1663  5.地址：台北市中山區中山北路四段1號 6.機型/機號：E22SI17082609668 7.保固與否： 8.故障問題：Service 25"
"T-4668","2026-06-22","2026-06-22","完修","","已封存","劉明忠 Yuie","金色三麥台南南紡","ICP 101","5","","","","","叫修:","叫修: 1.客戶名稱/經銷：金色三麥台南南紡 2.統編： 3.聯絡人：李則寬、沈志藤 4.聯絡電話號碼：(06)300-6969 5.地址：台南市東區中華東路1段366號5樓 6.機型/機號：ICP101 7.保固與否：過保 8.故障問題中間烤箱清洗時嚴重漏水"
"T-8251","2026-06-22","2026-06-22","完修","","已封存","邱信豪 Mars","21PLUS 新店家樂褔","ICP 61","5","","","","","拆機","拆機"
"T-9432","2026-06-22","2026-07-01","取消叫修","","已封存","楊棟嘉 Ken","里家寶食品工廠","ICP 202","5","","","","","叫修:","叫修: 1.客戶名稱/經銷：里家寶食品工廠 2.統編： 3.聯絡人： 4.聯絡電話號碼：05 238 5110 5.地址：600嘉義市西區大溪路51號 6.機型/機號：icp202 7.保固與否：保固 8.故障問題：門膠條脫落"
"T-3980","2026-06-22","2026-06-24","完修","","已封存","陳柏凱 Kevin","古一吟","studio","5","","","","","叫修:","叫修: 1.客戶名稱/經銷：古一吟 2.統編： 3.聯絡人： 4.聯絡電話號碼：0922617172 5.地址：新竹縣新埔鎮大北坑19-2號 6.機型/機號：studio 7.保固與否：過保固 8.故障問題：右邊把手向下拉會空掉  因為是個人住家,請先聯絡到場時間,客戶才會在"
"T-5216","2026-06-22","2026-07-01","完修","同意報價","已封存","劉明忠 Yuie","家樂福-台南安平","SCC WE 101","5","","","","","溫度異常","溫度異常 同意報價維修"
"T-2066","2026-06-22","2026-06-23","取消叫修","","已封存","林正賢 Jeff","全家-至善店","XS","5","","","","","叫修:","叫修: 1.客戶名稱/經銷：全家-至善店 2.統編： 3.聯絡人：	黃騰暉 4.聯絡電話號碼：0228414153 5.地址：台北市士林區臨溪里至善路二段２６８號一樓 6.機型/機號： 7.保固與否： 8.故障問題：Rational智能蒸烤爐顯示蒸汽發生器水位識別故障"
"T-6959","2026-06-22","2026-06-23","完修","","已封存","劉峻宇 Otto","85度C-內湖文德","EVO 2","5","","","","","叫修:","叫修: 1.客戶名稱/經銷：85度C-內湖文德 2.統編： 3.聯絡人：	洪S-職員 4.聯絡電話號碼：02-27997385 5.地址：台北市內湖區文德路2號1樓 6.機型/機號： 7.保固與否： 8.故障問題：底部連接管路漏水、請先回電"
"T-2534","2026-06-22","2026-07-01","完修","","已封存","楊棟嘉 Ken","九九峰園區(薰衣草)-裝機","三孔半自動咖啡機","20","","","","","2026/7/1(四) 請於上午11:00送達","2026/7/1(四) 請於上午11:00送達 南投縣草屯鎮藝術路258號 九九峰園區(薰衣草) DC-MC-ZEROPL-3-NB-4 三孔半自動咖啡機 機器序號: H26000096 聯絡人:	0937695361 許博俊 經理"
"T-7854","2026-06-22","2026-06-24","完修","","已封存","陳祐嘉 Dean","陶膳有限公司","SCC XS","5","","","","","叫修:","叫修: 1.客戶名稱/經銷：陶膳有限公司 2.統編： 3.聯絡人：聶小姐 4.聯絡電話號碼：0938907360 5.地址：台北市南港區南港東新街6-1號一樓 6.機型/機號：E60SI17122635139 7.保固與否：否 8.故障問題：維修服務:40  Care 泵无法将足量药水泵入水箱, 无法除垢;  Care管路不通,Care 泵故障,確定好維修時間、請提早告知、我到現場開門!"
"T-2437","2026-06-22","2026-06-24","完修","","已封存","邱信豪 Mars","微兜小碧潭","EVO 2","5","","","","","叫修:","叫修: 1.客戶名稱/經銷：微兜 小碧潭 2.統編： 3.聯絡人： 4.聯絡電話號碼：02-29115998 5.地址：新北市新店區中央路157號5樓 6.機型/機號：EVO2 7.保固與否：過保 8.故障問題：需再更換抽水泵B-00-0009  $6000(含稅)"
"T-3512","2026-06-22","2026-06-22","完修","","已封存","劉峻宇 Otto","⬆️Hi-life 五股五工","桌上設備","5","","","","","蒸包機載回門市","蒸包機載回門市 關東煮機運回維修"
"T-0319","2026-06-22","2026-06-26","完修","","已封存","陳祐嘉 Dean","耍福企業社","Mina","5","","","","","叫修:","叫修: 1.客戶名稱/經銷：耍福企業社 2.統編： 3.聯絡人： 趙翊婷 4.聯絡電話號碼：0935088685 5.地址：台北市南港區忠孝東路六段278巷22弄34號1樓 6.機型/機號：Mina  7.保固與否：過保 8.故障問題：二手機裝機,已報價同意!請安排時間過去裝機先電話通知!"
"T-4448","2026-06-22","2026-07-02","完修","","已封存","楊棟嘉 Ken","洛可可咖啡","ICP 101","5","","","","","2026/6/24(三)上午10:00送達","2026/6/24(三)上午10:00送達 台中市新社區興中街136號 ICP061萬能蒸烤箱(3相220V) 機器序號: E11SJ22092998400 聯絡人:	陳小姐 0972867581"
"T-0927","2026-06-22","","未完成 / 另約時間","同意報價","處理中","陳柏凱 Kevin","21世紀 桃園遠百","ICP 101","5","","","","","同意報價","同意報價  *緊急叫修:* 1.客戶名稱/經銷：21世紀_桃園遠百 2.統編： 3.聯絡人：黃R-職員 4.聯絡電話號碼：03-331-1521 5.地址：桃園市中正路20號 6.機型/機號：10盤萬能蒸烤箱 7.保固與否： 8.故障問題：無法預熱"
"T-3007","2026-06-22","2026-06-23","完修","","已封存","林正賢 Jeff","欣光食品","SCC WE 202","5","","","","","叫修:","叫修: 1.客戶名稱/經銷：欣光食品 2.統編： 3.聯絡人：劉先生 4.聯絡電話號碼：0926811571 5.地址：320桃園市中壢區南園路2-20號 6.機型/機號：1-4號機 7.保固與否：過保 8.故障問題：清洗或更換空氣濾網 9.1號機清洗後藥劑殘留"
"T-3265","2026-06-22","2026-06-30","完修","","已封存","林正賢 Jeff","捷兆有限公司","ICP 101","5","","","","","1.客戶名稱/經銷：捷兆有限公司","1.客戶名稱/經銷：捷兆有限公司 2.統編： 3.聯絡人：鄭小姐 4.聯絡電話號碼：0960 999 899  5.地址： 236新北市土城區學海街1號 6.機型/機號：ICP 101 7.保固與否：過保 8.故障問題：清洗漏水，已經更換過門膠條，還是漏水，*指定本週五，下午三點後前往維修*"
"T-5955","2026-06-22","2026-06-22","完修","","已封存","楊棟嘉 Ken","85豐原中興店","EVO 2","5","","","","","加熱異常","加熱異常"
"T-0878","2026-06-22","2026-06-22","完修","","已封存","陳祐嘉 Dean","85頂溪","EVO 2","5","","","","","咖啡機保養歸還","咖啡機保養歸還"
"T-5180","2026-06-22","2026-06-22","完修","","已封存","陳祐嘉 Dean","85土城","EVO 2","5","","","","","咖啡機大保養完成歸還","咖啡機大保養完成歸還"
"T-2875","2026-06-22","2026-07-12","完修","","已封存","陳祐嘉 Dean","85樹林中山","EVO 2","30","","","","","大保養 送至外包","大保養 送至外包"
"T-2611","2026-06-22","2026-07-06","完修","","已封存","陳祐嘉 Dean","85板橋莒光","EVO 2","30","","","","","大保養送至外包","大保養送至外包"
"T-0304","2026-06-22","2026-06-24","完修","","已封存","林正賢 Jeff","億群機場第二航廈 T2","ICP 101","5","","","","","叫修:","叫修: 1.億群機場第二航廈 T2 2. 電話：03-393-1989 3. 聯絡人：Una 4. 機型：ICP101 E11SJ24073152484 5. 問題：蒸烤箱清洗快結束時發生故障 畫面關不掉 無法清洗中斷 強制關總電源也沒有用"
"T-9746","2026-06-23","2026-06-23","完修","","已封存","陳柏凱 Kevin","全家-新竹新金科店","XS","5","","","","","*`*叫修:二級維修*`*","*`*叫修:二級維修*`* 1.客戶名稱/經銷：全家-新竹新金科店 2.統編： 3.聯絡人：曾郁勛 店長 4.聯絡電話號碼：035777330 5.地址：新竹市東區金山街197號 6.機型/機號：E60SJ23053061847 7.保固與否：否 8.故障問題：Rational智能蒸烤爐顯示錯誤資訊供水裝置功能故障S-42.1 供水功能故障（Y1 注水）"
"T-2608","2026-06-23","2026-06-24","完修","","已封存","楊棟嘉 Ken","全家-埔里埔基店","XS","5","","","","","叫修:二級維修`","叫修:二級維修` 1.客戶名稱/經銷：全家-埔里埔基店 2.統編： 3.聯絡人： 王鉦讓 4.聯絡電話號碼：0492915116 5.地址：南投縣埔里鎮鐵山路１－２號 6.機型/機號：E60SJ23073072575 7.保固與否：否 8.故障問題：Rational智能蒸烤爐顯示錯誤資訊蒸氣發生器水位識別狀況S-120 清洗期間蒸汽發生器水位檢測出現故障 S-14 蒸汽發生器水位檢測故障"
"T-4351","2026-06-22","2026-06-26","完修","同意報價","已封存","陳柏凱 Kevin","莫內咖啡","SCC WE 101","5","","","","","同意報價","同意報價 1.客戶名稱/經銷：莫內咖啡 2.統編：30227047 3.聯絡人：許素貞 4.聯絡電話號碼：03-476-6655 5.地址：桃園市新屋區蚵間里蚵殼港30之一號 6.機型/機號：E11SH12062307060 7.保固與否：否 8.故障問題：烤箱清洗不出水，麻煩協助檢修"
"T-0241","2026-06-23","2026-06-24","完修","","已封存","邱信豪 Mars","CoffeeLaw 敦南店","TONE 3","5","","","","","叫修:","叫修: 1.客戶名稱/經銷：CoffeeLaw 敦南店 2.統編： 3.聯絡人：王先生 4.聯絡電話號碼：0908-922-663 5.地址：臺灣台北市大安區忠孝東路四段181巷40弄15號 6.機型/機號：Tone3 7.保固與否：否 8.故障問題：  單一最近設定溫度在89度也會有汽化問題，其他設備同樣內容則不會 今日又出現有溫度過熱提示 再煩請協助維修處理"
"T-4216","2026-06-23","2026-06-24","完修","","已封存","林正賢 Jeff","態芮","SCC WE 101","5","","","","","叫修:","叫修: 1.客戶名稱/經銷： 態芮 2.統編：55670904 3.聯絡人：黃韋博 4.聯絡電話號碼：0955158088 5.地址：台北市中山區樂群三路299號6樓 6.機型/機號：SCC10盤 7.保固與否：否 8.故障問題：設備清洗到一半出現故障碼25"
"T-4015","2026-06-23","2026-06-25","完修","","已封存","楊棟嘉 Ken","吃豆米","ICP 61G","5","","","","","1.客戶名稱/經銷：吃豆米","1.客戶名稱/經銷：吃豆米 2.統編： 3.聯絡人：陳小姐 4.聯絡電話號碼:0980-027567 5.地址：台中市北屯區文心路四段643號  6.機型/機號：iCp61G/G61SJ220229951206 7.保固與否： 8.故障問題：22.32.29"
"T-8798","2026-06-23","2026-06-25","完修","","已封存","陳柏凱 Kevin","全家-花蓮慈安店","XS","5","","","","","叫修:三級維修","叫修:三級維修 1.客戶名稱/經銷：全家便利商店-花蓮慈安店 2.統編： 3.聯絡人：王小姐 4.聯絡電話號碼：038463933 5.地址：花蓮縣花蓮市建國路二段８７６號 6.機型/機號：E60SJ24013108595 7.保固與否：否 8.故障問題：Rational智能蒸烤爐顯示異常訊息:蒸氣加熱系統故障、內部通訊故障S-34.16 內部資料通訊故障（A10 I/O 電路板）"
"T-7960","2026-06-23","2026-06-24","完修","","已封存","邱信豪 Mars","明星咖啡館","DC MAX","5","","","","","叫修:","叫修: 1.客戶名稱/經銷：明星咖啡館 2.統編：28859355 3.聯絡人：黃義芳 4.聯絡電話號碼：02-23815589 5.地址： 台北市中正區武昌街一段5號2樓 6.機型/機號：DC MAX/B20001719 7.保固與否：過保 8.故障問題：出粉按鈕彈出 固定螺絲不見"
"T-6812","2026-06-23","2026-06-25","取消叫修","","已封存","陳祐嘉 Dean","康達盛通超市 台北同安店","ICP 101","5","","","","","叫修:","叫修:  1.客戶名稱/經銷：康達盛通超市 台北同安店 2.統編： 3.聯絡人：謝純茹區養護經理 4.聯絡電話號碼：0932-998-269 5.地址：台北市中正區同安街71號 6.機型/機號：E11SJ20122861850 7.保固與否： 8.故障問題：蒸烤箱清潔功能異常!"
"T-4316","2026-06-23","2026-06-24","完修","","已封存","劉明忠 Yuie","康達盛通超市-高雄小港店","ICP 101","5","","","","","叫修:","叫修: 1.客戶名稱/經銷：康達盛通超市-高雄小港店 2.統編： 3.聯絡人：高震宇 4.聯絡電話號碼：07 801 2597 5.地址： 812高雄市小港區順苓里宏平路411號 6.機型/機號： 7.保固與否： 8.故障問題：蒸烤箱無法開啟!"
"T-0701","2026-06-23","2026-06-23","完修","","已封存","楊棟嘉 Ken","根井壽司","ICP 101","5","","","","","有時無法開機","有時無法開機"
"T-4307","2026-06-23","2026-06-25","完修","","已封存","陳祐嘉 Dean","福里安花神","SCC WE 101","5","","","","","叫修:","叫修: 1.客戶名稱/經銷：福里安花神 2.統編： 3.聯絡人：陳昭婷小姐  4.聯絡電話號碼：8789-5599#8892 5.地址： 台北市信義區松壽路9號(福里安花神) 6.機型/機號：E11SH16072526935 7.保固與否：過保 8.故障問題：a9西廚的烤箱把手鬆掉了門關不起來...鐵歪掉了,24.02.762P 門鎖U型彈簧故障,已報價!"
"T-7541","2026-06-23","2026-06-24","完修","","已封存","廖聖典 Max","全家-南港車站店","XS","5","","","","","叫修:三級維修","叫修:三級維修 1.客戶名稱/經銷：全家 - 南港車站店 2.統編： 3.聯絡人：杜先生 4.聯絡電話號碼：0227837703 5.地址：台北市南港區忠孝東路七段371號B2 6.機型/機號：E60SJ22042963711 7.保固與否：否 8.故障問題：Rational智能蒸烤爐菜單不會自動連線更新，營業時間：06:00-23:00"
"T-4720","2026-06-23","2026-07-07","完修","未報價","已封存","林正賢 Jeff","台北萬豪-1樓花園餐廳","SCC WE 101","5","","","","","叫修:","叫修:  1.客戶名稱/經銷：台北萬豪 - 1樓花園餐廳/1F GK內廚房（小廚房） 2.統編：16434853 3.聯絡人：值班工程 4.聯絡電話號碼： 096527856 5.地址：台北市中山區樂群二路199號 6.機型/機號： SCC WE 101/ E11SH12112328852 7.保固與否：過保 8.故障問題：中心探針壞掉"
"T-7979","2026-06-23","2026-06-25","完修","","已封存","邱信豪 Mars","鬧蟬-遼寧店","EVO 2","5","","","","","叫修","叫修 店名：鬧蟬 遼寧店 地址：台北市中山區遼寧街136號 現場聯絡人: 02-27162077鬧蟬 0939139147-店長Jerry 機型：EVO2 問題：右邊轉蒸氣沒出 但左邊有用 再麻煩工程協助謝謝🙏 過去前請先電聯"
"T-4298","2026-06-21","2026-06-24","完修","","已封存","陳祐嘉 Dean","蘇澳煙坡 員工餐廳/UCC","A300","5","","","","","叫修:","叫修: 1.客戶名稱/經銷：蘇澳煙坡 員工餐廳／UCC 2.統編： 3.聯絡人： 4.聯絡電話號碼： 5.地址： 270宜蘭縣蘇澳鎮中正路38號 6.機型/機號：A300   7.保固與否：過保 8.故障問題：一直卡在除垢系統  員工：請問明日是否能前來幫忙查看"
"T-7725","2026-06-23","2026-07-23","完修","同意報價","已封存","劉明忠 Yuie","家樂福 鳳山店","SCC WE 201","5","","","","","叫修","叫修 1.客戶名稱/經銷：家樂福 鳳山店 2.統編： 3.聯絡人：黃士哲養護經理 4.聯絡電話號碼：0908-052-332 5.地址：高雄市鳳山區中山西路236號 6.機型/機號：E21SI16122562798 7.保固與否： 8.故障問題：上次維修後現場反應還是有在漏水，麻煩再幫我請人來看一下"
"T-8187","2026-06-23","2026-06-25","完修","","已封存","陳祐嘉 Dean","TrueBox健康餐盒","ICP 61G","5","","","","","1.客戶名稱/經銷：TrueBox健康餐盒","1.客戶名稱/經銷：TrueBox健康餐盒 2.統編： 3.聯絡人：Andy洪主廚 4.聯絡電話號碼：0932873370  5.地址：新北市板橋區成功路23號1樓 6.機型/機號：G61SJ22092998437 7.保固與否：否 8.故障問題：客戶來電詢問明天下午能請廖師傅來查修，最近發現設備點火裝置好像有問題了，又開始跟以前一樣嘣嘣叫了，然後明明有瓦斯，但是他一直感應不到"
"T-6082","2026-06-24","2026-06-25","完修","","已封存","林正賢 Jeff","全家-龜山致茂店","XS","5","","","","","1.客戶名稱/經銷：全家-龜山致茂店","1.客戶名稱/經銷：全家-龜山致茂店 2.統編： 3.聯絡人： 4.聯絡電話號碼： 5.地址：桃園市龜山區文茂路86號1樓 6.機型/機號：E60SJ22113014253 7.保固與否：否 8.故障問題：Rational智能蒸烤爐顯示S-14  + S120  營業時間上午7:00-晚上9:00"
"T-9769","2026-06-24","","未執行","","已封存","未指派","全家-龜山致茂店","XS","5","","","","","叫修:三級維修","叫修:三級維修  1.客戶名稱/經銷：全家-龜山致茂店 2.統編： 3.聯絡人：林小姐 4.聯絡電話號碼： 5.地址：桃園市龜山區文茂路86號1樓 6.機型/機號：E60SJ22113014253 7.保固與否：否 8.故障問題：	Rational智能蒸烤爐一直跳清洗，營業時間7-21點"
"T-3535","2026-06-24","2026-07-01","完修","同意報價","已封存","陳祐嘉 Dean","家樂福 桂林店","SCC WE 201","5","","","","","同意報價","同意報價  1.客戶名稱/經銷：家樂福 桂林店 2.統編： 3.聯絡人：Andy  4.聯絡電話號碼：0911-919-082 5.地址：台北市萬華區桂林路1號 6.機型/機號：E21SH13012336187 7.保固與否：過保 8.故障問題：维修服務25"
"T-9187","2026-06-24","2026-06-26","完修","","已封存","邱信豪 Mars","睿典咖啡","EVO 2","5","","","","","1.客戶名稱/經銷：睿典咖啡","1.客戶名稱/經銷：睿典咖啡 2.統編：76429003 3.聯絡人：梁先生 4.聯絡電話號碼：02-23581821 5.地址：中正區和平西路一段57號1樓 6.機型/機號：DC EVO2/V19000253 7.保固與否：過保 8.故障問題：兩邊萃取壓力不足+按鈕接觸不良"
"T-6129","2026-06-24","2026-06-25","完修","","已封存","邱信豪 Mars","明星咖啡館","MINA","5","","","","","1.客戶名稱/經銷：明星咖啡館","1.客戶名稱/經銷：明星咖啡館 2.統編：28859355 3.聯絡人：黃義芳 4.聯絡電話號碼：02-23815589 5.地址： 台北市中正區武昌街一段5號2樓 6.機型/機號：DC MINA/A20000153 7.保固與否：過保 8.故障問題：蒸氣管會漏水"
"T-6005","2026-06-24","2026-06-24","完修","","已封存","劉峻宇 Otto","Hi-life 五股五工","關東煮機","5","","","","","故障E11","故障E11"
"T-9532","2026-06-25","2026-06-26","報價","未報價","處理中","廖聖典 Max","福華文教會館","ICP 202","5","","","","","1.客戶名稱/經銷：福華文教會館","1.客戶名稱/經銷：福華文教會館 2.統編： 3.聯絡人：林主廚 4.聯絡電話號碼： 0939-018-807 5.地址：106臺北市大安區龍坡里新生南路三段30號 6.機型/機號：iCP/E220SJ25033208959 7.保固與否：保固 8.故障問題：需手動除鈣"
"T-6143","2026-06-25","2026-06-25","報價","同意報價","處理中","劉明忠 Yuie","家樂福-台南新營","SCC WE 201","5","","","","","漏水，有水聲","漏水，有水聲"
"T-2761","2026-06-25","2026-06-29","完修","已報價","已封存","劉明忠 Yuie","澎湖喜來登酒店","SCC WE 61","5","","","","","外包處理","外包處理 球閥故障"
"T-3579","2026-06-26","2026-06-26","完修","","已封存","楊棟嘉 Ken","全家-台中金中清店","XS","5","","","","","叫修:三級維修","叫修:三級維修  1.客戶名稱/經銷：全家-台中金中清店 2.統編： 3.聯絡人：劉小姐 4.聯絡電話號碼： 5.地址：台中市北區中清路一段８３號 6.機型/機號：E60SJ23073072219 7.保固與否：否 8.故障問題： Rational智能蒸烤爐烤完後有異音, 故障S27球閥無法關閉"
"T-3716","2026-06-26","2026-06-29","完修","","已封存","劉明忠 Yuie","85鳳山文龍","EVO 2","5","","","","","叫修:","叫修: 1.客戶名稱/經銷：85鳳山文龍 2.統編： 3.聯絡人：店長 4.聯絡電話號碼：07-7679985 5.地址： 830高雄市鳳山區文龍東路692號 6.機型/機號：EVO2 7.保固與否：保修 8.故障問題：開啟到保養訊息 導致跳出 已請店家繼續使用"
"T-7981","2026-06-26","2026-06-26","完修","","已封存","林正賢 Jeff","金色三麥 微風南山","SCC WE 61","5","","","","","戶名稱/經銷：金色三麥 微風南山","戶名稱/經銷：金色三麥 微風南山 2.統編：24692475 3.聯絡人：江先生 4.聯絡電話號碼：0985153050 5.地址：台北市信義區松智路17號7樓 6.機型/機號：SCC061/E61SI18112708101 7.保固與否：過保 8.故障問題：門會彈開"
"T-9134","2026-06-26","","未執行","","處理中","邱信豪 Mars","初衣食午大安/*啟辰*","PACOJET","5","","","","","叫修:","叫修: 1.客戶名稱/經銷：初衣食午大安/ *啟辰* 2.統編：55862777 3.聯絡人：啟辰窗口賴小姐 4.聯絡電話號碼：0905660307 5.地址：臺北市大安區仁愛里大安路一段90號 6.機型/機號：PACOJET 7.保固與否：過保 8.故障問題：刀盤無法吸附   軸心未下降，客戶也未購買藥片判斷無清洗 *請先出預估維修報價單+緊急維修費用* 謝謝 @葉幸忠"
"T-7646","2026-06-26","2026-07-01","完修","","已封存","林正賢 Jeff","茶安安","EF NEXT M","5","","","","","2026/7/1(三) 上午10:30送達","2026/7/1(三) 上午10:30送達 台北市南港區園區街6-2號1樓 EF NEXT M (3相380V) 機器序號:  220400149M 聯絡人: 0930036719 林先生"
"T-5432","2026-06-26","2026-06-30","完修","","已封存","陳祐嘉 Dean","茹絲葵食品企業股份有限公司","SCC WE 61","5","","","","","1.店名：茹絲葵食品企業股份有限公司","1.店名：茹絲葵食品企業股份有限公司 2.聯絡人：江小姐 3.聯絡電話號碼：0932210488 4.地址：台北市中山區樂群3路301號3樓 5.機型：E61SH16022500614 （左開門） 6.問題:  門墊圈裂開 及清洗跳S-11 已跟江小姐約好 星期二 1400前往處理"
"T-9007","2026-06-26","2026-06-10","報價","未報價","處理中","廖聖典 Max","金品茶樓","EF 30.1","5","","","","","1.客戶名稱/經銷：金品茶樓","1.客戶名稱/經銷：金品茶樓 2.統編：28821794 3.聯絡人：柯文原 4.連絡電話：0988196388 5.維修地址：台北市長春路20號2樓 6.機型/機號： 7.保固與否：否 8.固障問題：液晶顯示alp  6/10一樣問題 有過去檢測維修"
"T-0909","2026-06-26","2026-07-01","完修","","已封存","陳柏凱 Kevin","蘭田穀王 二結店","DC-pro","5","","","","","1.客戶名稱/經銷：蘭田穀王 二結店","1.客戶名稱/經銷：蘭田穀王 二結店 2.統編： 3.聯絡人：店長 4.聯絡電話號碼：03－965－9900 5.地址： 268宜蘭縣五結鄉中正路三段111號 6.機型/機號：DC-pro 7.保固與否：過保 8.故障問題：蒸氣旋鈕關不緊 已報價同意更換  在麻煩前往一趟 蘭田穀王 -羅莊門市 檢查一下機器是否正常"
"T-1381","2026-06-26","2026-07-01","報價","未報價","處理中","陳柏凱 Kevin","蘭田穀王 -羅莊門市","DC-pro","5","","","","","檢查一下機器是否正常","檢查一下機器是否正常"
"T-1544","2026-06-26","2026-06-26","完修","","已封存","邱信豪 Mars","鬧蟬-遼寧店","EVO2","5","","","","","店名：鬧蟬 遼寧店","店名：鬧蟬 遼寧店 地址：台北市中山區遼寧街136號 現場聯絡人: 02-27162077鬧蟬 0939139147-店長Jerry 機型：EVO2 問題：右邊轉蒸氣沒出 （昨日修完今天還是一樣） 下午四點後在過去維修（因需排空蒸氣） 請先告知前往日期 我需跟老闆說"
"T-4759","2026-06-26","2026-06-30","完修","","已封存","劉峻宇 Otto","CoffeeLaw 敦南店","Tone3","5","","","","","1.客戶名稱/經銷：CoffeeLaw 敦南店","1.客戶名稱/經銷：CoffeeLaw 敦南店 2.統編： 3.聯絡人：王先生 4.聯絡電話號碼：0908-922-663 5.地址：臺灣台北市大安區忠孝東路四段181巷40弄15號 6.機型/機號：Tone3 7.保固與否：否 8.故障問題：  昨日已處理，但是今天仍然有汽化問題（目前92度） 其他設備都是一樣的內容程式，沒問題，只有這台持續發生"
"T-1985","2026-06-26","2026-07-02","完修","","已封存","劉明忠 Yuie","7/2裝機","SL-M-ESPRESSO","6","","","","","2026/7/02(四)上午10:30準時送達","2026/7/02(四)上午10:30準時送達 台南市中西區忠義路一段46號 SLAYER 半自動單孔咖啡機(1相220V) SL-M-ESPRESSO-B-4 機器序號: 13594 聯絡人: 0928021105 李珍賢"
"T-5176","2026-06-26","2026-06-26","完修","","已封存","楊棟嘉 Ken","慣老闆俱樂部-公益店","SCC WE 61","5","","","","","漏水","漏水"
"T-7177","2026-06-26","2026-06-26","報價","未報價","處理中","陳祐嘉 Dean","煙波-嘉義 優仕","A300","5","","","","","整理檢修","整理檢修"
"T-1487","2026-06-26","2026-06-26","完修","","已封存","廖聖典 Max","國賓飯店","EVOX30","5","","","","","真空包裝機換油","真空包裝機換油"
"T-1175","2026-06-26","2026-06-26","完修","","已封存","楊棟嘉 Ken","D&D BRUCH","DC ONE","5","","","","","清潔刀盤","清潔刀盤"
"T-4493","2026-06-26","2026-06-27","完修","","已封存","陳柏凱 Kevin","全家 - 淡水新江店","XS","5","","","","","1.客戶名稱/經銷：全家 - 淡水新江店","1.客戶名稱/經銷：全家 - 淡水新江店 2.統編： 3.聯絡人：李小姐 4.聯絡電話號碼：0226227391 5.地址：新北市淡水區中山北路二段188巷16號1樓 6.機型/機號：E60SJ23053061844 7.保固與否：否 8.故障問題：Rational智能蒸烤爐顯示錯誤資訊-水循環故障"
"T-5134","2026-06-29","2026-06-29","完修","","已封存","劉明忠 Yuie","全家-澎湖西衛店","XS","5","","","","","1.客戶名稱/經銷：全家-澎湖西衛店","1.客戶名稱/經銷：全家-澎湖西衛店 2.統編： 3.聯絡人： 魏小姐 4.聯絡電話號碼：069269596 5.地址：澎湖縣馬公市西衛里五福路１０１號 6.機型/機號： 7.保固與否：否 8.故障問題：Rational智能蒸烤爐清潔時都會漏水!"
"T-4839","2026-06-29","2026-06-29","完修","","已封存","邱信豪 Mars","日初早餐 egg bun (新莊）","DC Max","5","","","","","1.店名：日初早餐 egg bun (新莊）","1.店名：日初早餐 egg bun (新莊） 2.電話：王映儒 0988-530-354 3.地址：新北市新莊區思源路115號一樓 4.機型：DC Max  5.問題：磨豆機 上個月有報修過               磨豆機顆細度會移動 附影片"
"T-8663","2026-06-29","2026-06-30","完修","","已封存","廖聖典 Max","85豐原中興","EVO2","5","","","","","1.客戶名稱/經銷：85豐原中興","1.客戶名稱/經銷：85豐原中興 2.統編： 3.聯絡人：督導 4.聯絡電話號碼：04 2515 4573 5.地址： 420臺中市豐原區中興路242之3號 6.機型/機號：EVO2 7.保固與否：保修 8.故障問題：還是一樣狀況 早上開機都要1小時30分才會加熱好 奶泡才能用"
"T-5656","2026-06-29","2026-06-30","完修","","已封存","劉明忠 Yuie","85度C-高雄漢民","EVO 2","5","","","","","1.店名：85度C-高雄漢民","1.店名：85度C-高雄漢民 2.電話：07-8038965    張S-職員 3.地址：高雄市小港區漢民路729號 4.機型 : 咖啡機 5.問題：螺絲鎖歪了 鎖不上去了 請收費"
"T-8905","2026-06-29","2026-06-29","完修","","已封存","廖聖典 Max","美好時光","ICP 61G","5","","","","","1.客戶名稱/經銷：美好時光","1.客戶名稱/經銷：美好時光 2.統編： 3.聯絡人：簡小姐 4.聯絡電話號碼： 0987-264-056 5.地址：台北市內湖區內湖路一段737巷51弄22號 6.機型/機號：G11SJ21062897344 7.保固與否：否 8.故障問題：無法點火，有氣爆"
"T-6717","2026-06-29","2026-06-29","完修","","已封存","邱信豪 Mars","85台北景美","EVO2","5","","","","","1.店名85台北景美","1.店名85台北景美 2. 地址116台北市文山區景文街42號 3. 機型 EVO2 5.問題 機器後方有異音 02-8663-7865 保修"
"T-7455","2026-06-29","2026-07-08","完修","","已封存","劉峻宇 Otto","薩莉亞-桃園大全聯店","咖啡機","5","","","","","薩莉亞桃園大全聯店","薩莉亞桃園大全聯店 裝機地址：桃園市中壢區中北路二段468號 B1 新裝機保固  依然每天跳此錯誤 重開機後 正常 請人員前往更新軟體"
"T-0711","2026-06-29","2026-06-29","完修","","已封存","陳柏凱 Kevin","金色三麥-桃園藝文店","ICP 101","5","","","","","店  名:金色三麥桃園藝文店","店  名:金色三麥桃園藝文店 地  址:桃園市南平路301號 現場連絡人:楊雅婷 連絡電話: 0921902437 維修設備: 跳高 限"
"T-8515","2026-06-27","2026-06-29","完修","","已封存","劉明忠 Yuie","全家 - 長治公園店","XS","5","","","","","1.客戶名稱/經銷：全家 - 長治公園店","1.客戶名稱/經銷：全家 - 長治公園店 2.統編： 3.聯絡人：陳冠學 4.聯絡電話號碼：087215226 5.地址：屏東縣長治鄉瑞源路250號 6.機型/機號：E60SJ23053056161 7.保固與否：否 8.故障問題：Rational智能蒸烤爐顯示供水裝置故障"
"T-0740","2026-06-28","2026-06-29","報價","已報價","處理中","林正賢 Jeff","家樂福-天母店","SCC WE 201","5","","","","","214：開機異常，電子板及記憶卡有問題，養護說這個月以報滿，可以下個月在報價","214：開機異常，電子板及記憶卡有問題，養護說這個月以報滿，可以下個月在報價  1.客戶名稱/經銷：家樂福 天母店 2.統編： 3.聯絡人：饒文昌 4.聯絡電話號碼：02 2833 8042 5.地址：台北市士林區德行西路47號 6.機型/機號：E21SI16092543214 7.保固與否： 8.問題：上次維修後,外蓋掉下來!"
"T-3987","2026-06-27","2026-06-29","完修","","已封存","楊棟嘉 Ken","康達盛通-北港店","SCC 101","5","","","","","1.客戶名稱/經銷：康達盛通-北港店","1.客戶名稱/經銷：康達盛通-北港店 2.統編： 3.聯絡人：蔡欣達養護課長 4.聯絡電話號碼：0970-790-322 5.地址：雲林縣北港鎮華南路101號 6.機型/機號：E11SE06102077498 7.保固與否：過保 8.故障問題：爐內過熱!請週一處理!"
"T-4587","2026-06-26","2026-06-26","完修","","已封存","劉峻宇 Otto","️Hi-life 內湖湖鑽店","桌上設備","5","","","","","桌上設備維修","桌上設備維修"
"T-1477","2026-06-29","2026-07-02","完修","同意報價","已封存","林正賢 Jeff","六福萬怡-7f旭日","SCC WE 101","5","","","","","1.客戶名稱/經銷：六福萬怡","1.客戶名稱/經銷：六福萬怡 2.統編： 54397437 3.聯絡人：許國忠課長 4.聯絡電話號碼： 02-66156565#2380  5.地址：台北市南港區忠孝東路七段359號  6.機型/機號：7f旭日- G11SH15012441175 7.保固與否：過保 8.故障問題：維修服務120"
"T-5249","2026-06-29","2026-06-30","完修","","已封存","劉峻宇 Otto","Coffee Woodrow 伍拙咖啡","DC PRO","5","","","","","叫修:","叫修: 1.店名：Coffee Woodrow 伍拙咖啡 2.聯絡人：江文忠 0910585552 3.地址：台北市信義區崇德街10號 4.機型：DC- DC PRO 5.問題：幫浦馬達不正常作動。  客戶想一起更換墊圈"
"T-4488","2026-06-29","2026-06-30","完修","","已封存","陳柏凱 Kevin","新竹煙波湖濱-陽光餐廳","A600","5","","","","","叫修","叫修  1.店名：新竹煙波湖濱-陽光餐廳 2.聯絡人： 3.聯絡電話號碼： 4.地址：300新竹市東區明湖路773號 5.機型：Franke A600 6.問題：奶茶卡住 清潔一樣無法"
"T-5286","2026-06-29","2026-07-02","完修","","已封存","陳柏凱 Kevin","怡泰/成大器燒肉飯","ICP 61G","5","","","","","叫修","叫修 1.客戶名稱/經銷：怡泰/成大器燒肉飯 2.統編： 3.聯絡人：蕭先生 4.聯絡電話號碼：0965320560 5.地址：新竹市四維路17號 6.機型/機號：icp61/gas 7.保固與否：是 8.故障問題： 點火失敗，清洗失敗"
"T-2111","2026-06-29","2026-06-30","完修","","已封存","陳柏凱 Kevin","全家-芎林向大店","XS","5","","","","","叫修：三級維修","叫修：三級維修 1.客戶名稱/經銷：全家-芎林向大店 2.統編： 3.聯絡人：鍾小姐  4.聯絡電話號碼：035921060 5.地址：新竹縣芎林鄉文山路５６９號 6.機型/機號：E60SJ22113014292 7.保固與否：否 8.故障問題：Rational智能蒸烤爐顯示Y3訊息 S-42.3 供水功能故障（Y3 加濕）"
"T-6723","2026-06-29","2026-07-03","完修","","已封存","劉明忠 Yuie","烘豆房-龍成","ZM","5","","","","","磨豆機更換刀盤","磨豆機更換刀盤"
"T-5598","2026-06-29","2026-06-30","完修","","已封存","邱信豪 Mars","聚匯","STUDIO","5","","","","","叫修","叫修 1.客戶名稱/經銷：聚匯 2.統編：55766443 3.聯絡人： 4.聯絡電話號碼：0955910747 5.地址：台北市大安區仁愛路4段137號12樓 6.機型/機號：DC/STUDIO 7.保固與否：過 8.故障問題：旋鈕蓋鬆掉 @Mars 已約好明日6/30下午2.過去"
"T-5897","2026-06-29","2026-07-01","完修","","已封存","楊棟嘉 Ken","福里安花神 中港店","SCC WE 61","5","","","","","叫修:","叫修: 1.客戶名稱/經銷：新光三越百貨股份有限公司/福里安花神 2.統編： 3.聯絡人：陳昭婷小姐  4.聯絡電話號碼：8789-5599#8892 5.地址：台中市西屯區臺灣大道三段301號2樓 6.機型/機號：E61SI17122635224 7.保固與否： 8.故障問題：維修服務25, 04－22597720西廚張主廚!"
"T-3556","2026-06-29","2026-06-30","完修","","已封存","林正賢 Jeff","普印精舍","SCC WE 61","5","","","","","叫修:","叫修: 1.客戶名稱/經銷：普印精舍 2.統編： 3.聯絡人： 星妙法師   4.聯絡電話號碼： 02-2891-9757 / 0972-388-782 5.地址: 台北市北投區大業路152號 6.機型/機號:E61SI18112712447 7.保固與否：過保 8.故障問題：多次使用中度及強烈清洗，設備維護數值無改善"
"T-5549","2026-06-29","2026-06-29","完修","","已封存","劉峻宇 Otto","明星咖啡","Mina","5","","","","","漏蒸氣","漏蒸氣"
"T-5308","2026-06-29","2026-06-29","完修","","已封存","劉峻宇 Otto","公司4樓咖啡展間","Mytico","5","","","","","維修","維修"
"T-1875","2026-06-29","2026-06-29","完修","","已封存","楊棟嘉 Ken","耀達","ICP 101","5","","","","","裝機","裝機"
"T-9977","2026-06-24","2026-06-29","完修","","已封存","陳柏凱 Kevin","莫內咖啡","SCC WE 101","5","","","","","同意報價維修","同意報價維修 更換觸控面板"
"T-6687","2026-06-24","2026-06-30","完修","","已封存","劉明忠 Yuie","全家-長治交流店","XS","5","","","","","1.客戶名稱/經銷：全家便利商店-長治交流店","1.客戶名稱/經銷：全家便利商店-長治交流店 2.統編： 3.聯絡人：施先生 4.聯絡電話號碼：087626098 5.地址：屏東縣長治鄉繁華村水源路１９５號 6.機型/機號:E60SJ22113014191 7.保固與否： 8.故障問題：Rational智能蒸烤爐無法清洗S-42.3 供水功能故障（Y3 加濕）"
"T-3758","2026-06-29","2026-06-30","完修","","已封存","陳柏凱 Kevin","寶山佳禾日料","IRINOX MF25.1","5","","","","",".客戶名稱/經銷：寶山佳禾日料",".客戶名稱/經銷：寶山佳禾日料 2.統編： 3.聯絡人：鐘先生 4.聯絡電話號碼：  5.地址：新竹縣寶山鄉明湖路57號 6.機型/機號：IRINOX MF25.1 7.保固與否：否 8.故障問題：急速冷凍設備 近期運作會發出異狀聲音"
"T-2503","2026-06-29","2026-06-30","完修","","已封存","劉峻宇 Otto","85度C-萬華廣州","EVO2","5","","","","","1.客戶名稱/經銷：85度C-萬華廣州","1.客戶名稱/經銷：85度C-萬華廣州 2.統編： 3.聯絡人：  4.聯絡電話號碼：02-23367992 5.地址：台北市萬華區廣州街207號  6.機型/機號：EVO2 7.保固與否：保修 8.故障問題：排水管破掉 跟斷掉了"
"T-4240","2026-06-30","2026-07-14","完修","同意報價","已封存","林正賢 Jeff","御廚房","SCC WE 202G","5","","","","","1.客戶名稱/經銷：御廚房","1.客戶名稱/經銷：御廚房 2.統編： 3.聯絡人：周招合 4.聯絡電話號碼：  5.地址： 6.機型/機號：SCC202/G22SH15102482652 7.保固與否：否 8.故障問題：缺水，有請水電師傅檢查有水，壓力也夠"
"T-5168","2026-06-30","2026-07-06","完修","","已封存","陳柏凱 Kevin","財茂彎-328 coffee","DC ONE 磨豆機","5","","","","","1.客戶名稱/經銷：財茂彎-328 coffee","1.客戶名稱/經銷：財茂彎-328 coffee 2.統編： 3.聯絡人：陳先生 0920930679 /李小姐 0970548916 4.聯絡電話號碼： 5.地址：新北市坪林區粗窟里北宜路七段81號 6.機型/機號：DC ONE 磨豆機 G20000080 7.保固與否：過保 8.故障問題："
"T-5366","2026-06-30","2026-07-07","完修","","已封存","邱信豪 Mars","廖育鈴","STUDIO","5","","","","","1.客戶名稱/經銷：廖育鈴","1.客戶名稱/經銷：廖育鈴 2.統編： 3.聯絡人：廖育鈴 4.聯絡電話號碼：0912-474956 5.地址：苗栗縣頭份市富強二街29號10樓 6.機型/機號：STUDIO/F22000115 7.保固與否：過保 8.故障問題：鍋爐無法加熱升溫  為住家設備  請協助安排7/6或7/7中午時段並先連絡到場時間"
"T-2543","2026-06-30","2026-07-01","完修","","已封存","邱信豪 Mars","全家-建鑫店","XS","5","","","","","1.客戶名稱/經銷：全家便利商店-    建鑫店","1.客戶名稱/經銷：全家便利商店-    建鑫店  2.統編： 3.聯絡人：楊小姐  4.聯絡電話號碼：02-27233205 5.地址：台北市信義區松壽路24號  6.機型/機號：E60SJ22082989919 7.保固與否： 8.故障問題：Rational智能蒸烤爐側板脫落"
"T-9436","2026-06-30","2026-07-02","完修","","已封存","廖聖典 Max","準備好了有限公司","iCP 201","5","","","","","1.客戶名稱/經銷：準備好了有限公司","1.客戶名稱/經銷：準備好了有限公司 2.統編：54052481 3.聯絡人：彥祐 先生 4.聯絡電話號碼：0920598970 5.地址：臺北市大安區忠孝東路4段223巷53號1樓 6.機型/機號：iCP201/電力型 7.保固與否： 8.故障問題：排水會漏水（之前有處理過，目前還是會發生）"
"T-8461","2026-06-30","","未執行","","已封存","未指派","喬元手創食品有限公司","ICP 202","5","","","","","客戶自行排除","客戶自行排除  1.客戶名稱/經銷：喬元手創食品有限公司 2.統編： 3.聯絡人：章小姐 4.聯絡電話號碼：02-2206-6300 5.地址：樹林區忠愛街3號6樓 6.機型/機號：ICP 202 7.保固與否：保固，剛裝機不久 8.故障問題：後面漏水"
"T-0437","2026-07-01","2026-07-02","報價","已報價","處理中","邱信豪 Mars","食厘米餐盒/寶羅","ICP 61G","5","","","","","1.客戶名稱/經銷：食厘米餐盒/寶羅","1.客戶名稱/經銷：食厘米餐盒/寶羅 2.統編： 3.聯絡人：羅寶文 4.聯絡電話號碼：0935-020-093 02 8786 0193  5.地址：台北市信義區基隆路二段20之2號 6.機型/機號：G61SJ23033042796 7.保固與否：內 8.故障問題：蒸烤箱的內漏"
"T-2506","2026-06-30","2026-06-30","完修","","已封存","劉明忠 Yuie","全家-澎湖跨海","XS","5","","","","","清洗失敗","清洗失敗"
"T-7585","2026-06-30","2026-06-30","完修","","已封存","廖聖典 Max","全家-台中機場店","XS","5","","","","","1.客戶名稱/經銷：全家-台中機場店","1.客戶名稱/經銷：全家-台中機場店 2.統編： 3.聯絡人： 黃店長 4.聯絡電話號碼：0426150203 5.地址：台中市沙鹿區中航路1段168號 6.機型/機號：E60SJ23043051171 7.保固與否：否 8.故障問題：Rational智能蒸烤爐顯示蒸氣異常，營業時間：06:00-20:00 S-14 蒸汽發生器水位檢測故障!"
"T-5120","2026-07-01","2026-07-01","完修","","已封存","林正賢 Jeff","圓滾滾Cafe 淡水店","ICP 61G","5","","","","","叫修","叫修  店名：圓滾滾Cafe 淡水店 電話：02-2808-1313 地址：新北市淡水區民權一街17巷16號 機型：G61SJ22082991332 問題：門手把壞了麻煩查修是否要更換"
"T-9594","2026-07-01","2026-07-14","完修","同意報價","已封存","邱信豪 Mars","新竹國賓 10樓宴會廚","SCC WE 202","5","","","","","叫修","叫修 1.客戶名稱/經銷：新竹國賓  10樓宴會廚 2.統編：70784363 3.聯絡人：工務 4.聯絡電話號碼：03-5151666#3806 5.地址：新竹市東區中華路二段188號 6.機型/機號：SCC202/E22SI18012641371 7.保固與否：過保 8.故障問題：操作面板黑屏，無動作  請先電聯了解狀況，謝謝。"
"T-9286","2026-07-01","2026-07-01","完修","","已封存","林正賢 Jeff","歐拉食坊","真空包裝機","5","","","","","真空包裝機","真空包裝機 裝機"
"T-8206","2026-07-01","2026-07-01","完修","","已封存","廖聖典 Max","馬禾軒","ICP 101","5","","","","","螢幕泛黃","螢幕泛黃"
"T-2714","2026-07-01","2026-07-02","完修","","已封存","邱信豪 Mars","全家-陳課長","XS","5","","","","","運回公司保養後，運回客戶端回裝","運回公司保養後，運回客戶端回裝"
"T-2382","2026-07-01","2026-07-01","完修","","已封存","劉明忠 Yuie","李珍賢-裝機前場勘","SL-M-ESPRESSO","5","","","","","李珍賢","李珍賢 台南市中西區忠義路一段46號 SLAYER 半自動單孔咖啡機(1相220V) SL-M-ESPRESSO-B-4 機器序號: 13594 聯絡人: 0928021105 李珍賢"
"T-8957","2026-07-01","2026-07-02","完修","","已封存","劉峻宇 Otto","聚匯","STUDIO","5","","","","","1.客戶名稱/經銷：聚匯","1.客戶名稱/經銷：聚匯 2.統編：55766443 3.聯絡人： 4.聯絡電話號碼：0955910747 5.地址：台北市大安區仁愛路4段137號12樓 6.機型/機號：DC/STUDIO 7.保固與否：過 8.故障問題：溫度上不去/開關異常 已跟客戶說明可能需要主PCB板"
"T-8190","2026-07-01","2026-07-06","完修","同意報價","已封存","楊棟嘉 Ken","家樂福 德安店","SCC WE 201","5","","","","","同意報價","同意報價 1. 店名：家樂福 德安店 2. 地址：台中市東區復興路四段186號B1 3. 電話：養護長-葉長生0952-651-017 4. 機型：E21SH13012336258 5. 問題：漏水"
"T-5784","2026-07-01","2026-07-03","完修","","已封存","林正賢 Jeff","花蓮美侖","ICC101","5","","","","","1.客戶名稱/經銷：花蓮美侖","1.客戶名稱/經銷：花蓮美侖 2.統編：84307905 3.聯絡人：西廚主廚 4.聯絡電話號碼：主廚蔣家豪0989-966450 5.地址：花蓮縣花蓮市民享里224鄰林園1之1號 6.機型/機號：ICC101 E11MJ22022953928 7.保固與否：過保 8.故障問題：無蒸氣"
"T-7628","2026-07-01","2026-07-02","完修","","已封存","陳祐嘉 Dean","全家-新店站前店","XS","5","","","","","1.客戶名稱/經銷：全家便利商店-新店站前店","1.客戶名稱/經銷：全家便利商店-新店站前店 2.統編： 3.聯絡人： 顏先生  4.聯絡電話號碼：0229147259 5.地址：新北市新店區北宜路一段６號 6.機型/機號：E60SJ23123107693 7.保固與否： 8.故障問題：Rational智能蒸烤爐顯示內部通訊資料故障(A10I/O)，無法離開畫面，不能使用! S-34.16 內部資料通訊故障（A10 I/O 電路板）"
"T-9033","2026-07-01","2026-07-02","完修","","已封存","劉明忠 Yuie","體育場壽司","ICP 101","5","","","","","清洗異常","清洗異常"
"T-4751","2026-07-01","2026-07-01","完修","","已封存","劉峻宇 Otto","Coffee Woodrow 伍拙咖啡","DC- DC PRO","5","","","","","1.店名：Coffee Woodrow 伍拙咖啡","1.店名：Coffee Woodrow 伍拙咖啡 2.聯絡人：江文忠 0910585552 3.地址：台北市信義區崇德街10號 4.機型：DC- DC PRO 5.問題：幫浦馬達不正常作動。"
"T-8066","2026-07-02","2026-07-03","完修","","已封存","劉明忠 Yuie","21世紀-鼎山","ICP 61","5","","","","","叫修:","叫修: 1.客戶名稱/經銷：21世紀鼎山 2.統編： 3.聯絡人：張S-職員 4.聯絡電話號碼：07-3953921 5.地址：高雄市三民區大順二路849號1樓 6.機型/機號：ICP061 7.保固與否： 8.故障問題：清洗時會自動斷電，顯示供水裝置功能故障，只能手動!"
"T-2711","2026-07-02","2026-07-02","完修","","已封存","陳祐嘉 Dean","全家-板橋板農店","XS","5","","","","","*`叫修:二級維修`*","*`叫修:二級維修`* 1.客戶名稱/經銷：全家便利商店-板橋板農店 2.統編： 3.聯絡人： 廖小姐  4.聯絡電話號碼：0222723346 5.地址：新北市板橋區府中路２９-１號１樓 6.機型/機號：E60SJ21052894079 7.保固與否： 8.故障問題：Rational智能蒸烤爐顯示錯誤資訊清潔時供水裝置功能故障(重開後又正常)S-42.3 供水功能故障（Y3 加濕）!"
"T-2425","2026-07-01","2026-07-02","完修","","已封存","林正賢 Jeff","全家-蘆竹長興店","XS","5","","","","","叫修:三級維修","叫修:三級維修 1.客戶名稱/經銷：全家便利商店-蘆竹長興店  2.統編： 3.聯絡人：	張先生  4.聯絡電話號碼：033336196 5.地址：桃園市蘆竹區南山路二段５２０號壹樓 6.機型/機號：E60SJ23073071201 7.保固與否： 8.故障問題：Rational智能蒸烤爐異音、清洗時顯示球閥功能故障@"
"T-5873","2026-07-02","2026-07-03","完修","","已封存","邱信豪 Mars","統一超食代","SCC WE 202","5","","","","","`叫修:二級維修`","`叫修:二級維修` 1.客戶名稱/經銷：統一超食代 2.統編： 3.聯絡人： 小米  4.聯絡電話號碼：0975702582 5.地址：新北市土城區中興路16號 6.機型/機號：E22SI19032738269 7.保固與否： 8.故障問題：螢幕沒有故障碼  底排一直漏水  請先給我那位工程師,因為是食品廠區要申請,"
"T-2232","2026-07-02","2026-07-03","取消叫修","","已封存","劉明忠 Yuie","綉溪安平飯店","XT 咖啡機","5","","","","","叫修:","叫修: 1.客戶名稱/經銷：綉溪安平飯店 2.統編：83162748 3.聯絡人： 鄔先生  4.聯絡電話號碼：0936826939 5.地址：台南市安平區吉堡街136號 6.機型/機號：XT雙孔 7.保固與否：過保 8.故障問題：萃取正常 蒸氣奶管無動作"
"T-5682","2026-07-02","2026-07-16","取消叫修","","已封存","陳祐嘉 Dean","21世紀-新店","ICP 61","5","","","","","緊急叫修:","緊急叫修: 1.客戶名稱/經銷：21世紀新店 2.統編： 3.聯絡人：張S 4.聯絡電話號碼：02-29105121 5.地址：新北市新店區中興路三段1號 6.機型/機號：ICP061*2 7.保固與否： 8.故障問題：邊烤邊漏水*2台"
"T-0089","2026-07-02","2026-07-16","完修","未報價","已封存","林正賢 Jeff","台北萬豪-1樓花園餐廳/1FGK內廚房(小廚房","CMP 61","5","","","","","叫修:","叫修: 1.店名：台北萬豪 - 1樓花園餐廳/1F GK內廚房（小廚房） 2.聯絡人 : 值班工程 0965278569 3.地址：台北市中山區樂群二路199號 4.機型: CMP61 / E61MI17052594054 5.問題：清洗無故暫停 無法正常運作"
"T-5611","2026-07-02","2026-07-02","完修","","已封存","劉峻宇 Otto","台北歐洲學校","蒸烤箱","5","","","","","場勘","場勘"
"T-8529","2026-07-02","2026-07-02","完修","","已封存","楊棟嘉 Ken","全家-台中機場店","XS","5","","","","","代碼14","代碼14"
"T-4687","2026-07-02","2026-07-02","完修","","已封存","邱信豪 Mars","全家-建鑫","XS","5","","","","","層架焊接完成","層架焊接完成"
"T-0417","2026-07-02","2026-07-02","完修","","已封存","劉峻宇 Otto","4樓咖啡部門展間","Mytico","5","","","","","Mytico更換面板","Mytico更換面板"
"T-1175","2026-07-03","2026-06-26","未執行","","已封存","未指派","21世紀-台南三井","桌下型洗碗機","5","","","","","1.客戶名稱/經銷：21世紀-台南三井","1.客戶名稱/經銷：21世紀-台南三井 2.統編： 3.聯絡人：李S-職員 4.聯絡電話號碼： 06-3033021 5.地址：臺南市歸仁區歸仁大道101號3F 6.機型/機號：桌下型洗碗機 7.保固與否： 8.故障問題：運作有異聲(請先回電做入館申請)"
"T-9618","2026-07-03","2026-07-03","完修","","已封存","陳祐嘉 Dean","85大保養機器","Evo 2","5","","","","","1.客戶名稱/經銷：85大保養機器","1.客戶名稱/經銷：85大保養機器 2.統編： 3.聯絡人： 4.聯絡電話號碼： 5.地址：外包商 工作室 6.機型/機號：Evo *2 7.保固與否：否 8.故障問題：明日已約好下午兩點跟外包商去載兩台８５大保養機器"
"T-3830","2026-07-03","2026-07-16","完修","未報價","已封存","邱信豪 Mars","楊柏偉/經銷悅廚","PACOJET4","5","","","","","1.客戶名稱/經銷：楊柏偉/經銷悅廚","1.客戶名稱/經銷：楊柏偉/經銷悅廚 2.統編： 3.聯絡人：楊柏偉 4.聯絡電話號碼： 0911360654 5.地址：台南市安平區漁光路119巷1-1號 6.機型/機號：PACOJET4 7.保固與否：2025/9/15出貨 8.故障問題： 有錯誤碼12 請先與客戶聯絡"
"T-0364","2026-07-03","2026-07-03","完修","","已封存","劉明忠 Yuie","烘豆房-自強","TONE 3","5","","","","","漏水","漏水"
"T-5016","2026-07-03","2026-07-03","完修","","已封存","陳祐嘉 Dean","台中運回烤箱檢修","ICP 61","5","","","","","檢修","檢修"
"T-5026","2026-07-03","2026-07-03","完修","","已封存","劉峻宇 Otto","85-沙鹿英才","DC ONE","5","","","","","無法調整粗細","無法調整粗細"
"T-7230","2026-07-06","2026-07-17","完修","同意報價","已封存","廖聖典 Max","聚禾豐","STEAM LP","5","","","","","咖啡機維修同意報價","咖啡機維修同意報價 聚禾豐二張報價單同一個晚上施工,大約20:00以後即可施工, 需三天前申請施工單,姓名,身分證號手機及車號,請安排後給我申請名單!"
"T-7133","2026-07-06","2026-07-09","完修","","已封存","陳柏凱 Kevin","21世紀-台北京站","ICP 61","5","","","","","1.客戶名稱/經銷：21世紀-台北京站","1.客戶名稱/經銷：21世紀-台北京站 2.統編： 3.聯絡人： 台北京站 4.聯絡電話號碼：02-2555-3021  5.地址：台北市大同區承德路一段一號B2 6.機型/機號： 7.保固與否： 8.故障問題：由下往上數第4層層架脫落"
"T-1664","2026-07-06","2026-07-06","完修","","已封存","劉明忠 Yuie","全家-台東車站店","XS","5","","","","","叫修:三級維修","叫修:三級維修 1.客戶名稱/經銷：全家便利商店-台東車站店 2.統編： 3.聯絡人：胡小姐  4.聯絡電話號碼：089237179 5.地址：台東市岩灣路１０１巷５９８號 6.機型/機號：E60SJ23073071704 7.保固與否： 8.故障問題：Rational智能蒸烤爐缺水,無法清洗(營業時間06:00-23:00)S-42.1 供水功能故障（Y1 注水）!"
"T-3952","2026-07-06","2026-07-07","報價","未報價","處理中","劉明忠 Yuie","全家-澎湖西衛店","XS","5","","","","","叫修：三級維修","叫修：三級維修 1.客戶名稱/經銷：全家-澎湖西衛店 2.統編： 3.聯絡人：呂小姐 4.聯絡電話號碼：069269596 5.地址：澎湖縣馬公市西衛里五福路１０１號 6.機型/機號：E60SJ22103006094 7.保固與否：否 8.故障問題：Rational智能蒸烤爐清潔時都會漏水;6/28報修過!"
"T-9258","2026-07-06","2026-07-07","完修","","已封存","劉峻宇 Otto","CoffeeLaw 板橋 皇翔店","Mytico","5","","","","","叫修:","叫修: 1.客戶名稱/經銷：CoffeeLaw 板橋 皇翔店 2.統編： 3.聯絡人：王先生 4.聯絡電話號碼：0908-922-663 5.地址：新北市板橋區漢生西路2號1樓 6.機型/機號：Mytico 7.保固與否：是 8.故障問題： 左邊磨豆機需重新校正，一直以來有已經調整到最細，仍然磨「非常」粗的問題，現在建設公司已經不耐煩 需要盡快先處理"
"T-9191","2026-07-06","2026-07-08","報價","未報價","處理中","劉峻宇 Otto","余宜玲","STUDIO","5","","","","","叫修: 臉書上的客戶","叫修: 臉書上的客戶 1.客戶名稱/經銷： 2.統編： 3.聯絡人：余宜玲 4.聯絡電話號碼：0978077522 5.地址： 6.機型/機號：Dalla Corte Studio 7.保固與否：否 8.故障問題：客戶2021年左右跟我們購買了一台Dalla Corte STUDIO 義式機，因為接水盤出現裂縫會漏水，想詢問是否可購買接水盤替換？"
"T-2022","2026-07-06","2026-07-07","完修","","已封存","林正賢 Jeff","千雅股份有限公司","ICP 61","5","","","","","1.客戶名稱/經銷：千雅股份有限公司","1.客戶名稱/經銷：千雅股份有限公司 2.統編：90620017 3.聯絡人：李昱廷 4.聯絡電話號碼：0937860796 5.地址：10450臺北市中山區中山北路二段45巷23號1樓 6.機型/機號：Rational 7.保固與否：否 8.故障問題： 如圖顯示，維修前請先電聯 拜託了 （此店 週一、週二公休）"
"T-9944","2026-07-06","2026-07-06","完修","","已封存","林正賢 Jeff","全家-大巨蛋店","XS","5","","","","","1.客戶名稱/經銷：全家 - 大巨蛋店","1.客戶名稱/經銷：全家 - 大巨蛋店 2.統編： 3.聯絡人：江庭毅店長 4.聯絡電話號碼：0227563813 5.地址：台北市信義區忠孝東路四段515號B1樓C-B102 6.機型/機號：E60SJ23123107691 7.保固與否：過保固 8.故障問題：Rational智能蒸烤爐 無法開機!"
"T-7864","2026-07-06","2026-07-07","完修","","已封存","劉峻宇 Otto","秀朗之子餐飲商行","EVO 2","5","","","","","叫修:","叫修:  1.客戶名稱/ 秀朗之子餐飲商行 2.統編： 3.聯絡人：鄭舜元 4.聯絡電話號碼：0978076578 5.地址：新北市永和區秀朗路二段148巷5弄2號 6.機器: DC /Evo2 7.保固與否：是 8.故障問題： 蒸氣棒滴水 、 附影片   請先行聯絡 後約定前往時間"
"T-2041","2026-07-06","2026-07-07","完修","","已封存","劉峻宇 Otto","Pai coffee","Slayer steam","5","","","","","1.客戶名稱/經銷：Pai coffee","1.客戶名稱/經銷：Pai coffee 2.統編：90620017 3.聯絡人： 4.聯絡電話號碼： 02 2517 9787 5.地址： 台 北 市 中 ⼭ 區 ⺠ ⽣ 東 路 ⼆ 段 1 4 7 巷 6 弄 1 號 6.機型/機號：Slayer steam 7.保固與否：否 8.故障問題：漏水"
"T-2679","2026-07-06","2026-07-08","完修","","已封存","陳柏凱 Kevin","克蔓莉咖啡","SCX XS","5","","","","","叫修:","叫修: 1.客戶名稱：克蔓莉咖啡 2.統編： 3.聯絡人：江盛智 4.聯絡電話號碼：０９７８８１１５９４ 5.地址：新竹市林森路２號４樓 6.機型/機號：ｒａｔｉｏｎａｌ 7.保固與否：否 / 8.故障問題：無法蒸烤  請電話聯繫約訪時間處理"
"T-9882","2026-07-06","2026-07-07","完修","","已封存","劉明忠 Yuie","微兜-漢神巨蛋","SCC WE 61","5","","","","","叫修","叫修 1.客戶名稱/經銷：金色三麥 漢神 2.統編： 3.聯絡人：張穎芝 4.聯絡電話號碼：07 975-9909  5.地址：高雄市左營區博愛二路777號4樓 6.機型/機號：SCC061/E61SI19052748213 7.保固與否：過 8.故障問題：重開機都是顯示這個畫面"
"T-1669","2026-07-06","2026-07-07","完修","","已封存","楊棟嘉 Ken","金色三麥 嘉義耐斯店","ICP 101","5","","","","","1.客戶名稱/經銷：金色三麥 嘉義耐斯店","1.客戶名稱/經銷：金色三麥 嘉義耐斯店 2.統編： 3.聯絡人：林聲廷 4.聯絡電話號碼：0917859557 5.地址：嘉義市東區義教里忠孝路600號B1 6.機型/機號：E11SJ25103258909/E11SJ25113269654 7.保固與否：保固 8.故障問題：2台都觸控面板異常，觸控遲緩跟接觸不良，會自己亂跳頁面"
"T-7724","2026-07-06","2026-07-15","完修","同意報價","已封存","陳柏凱 Kevin","台灣光罩股份有限公司","ICP 201","5","","","","","叫修:","叫修: 1.客戶名稱：台灣光罩股份有限公司 2.統編：22099408 3.聯絡人：薄守彥 4.聯絡電話號碼：0936276363 5.地址：新竹科學園區創新一路11號 6.機型/機號：iCP201 7.保固與否：否  8.故障問題：設備漏水，噴水槍無法收回 請電話聯繫約訪時間處理"
"T-1135","2026-07-06","2026-07-07","完修","","已封存","陳祐嘉 Dean","全家-松國店","XS","5","","","","","*`叫修:二級維修`*","*`叫修:二級維修`* 1.客戶名稱/經銷：全家便利商店-松國店 2.統編： 3.聯絡人：王店長 4.聯絡電話號碼：0225024147 5.地址：台北市中山區松江路４７３號１樓 6.機型/機號：E60SJ22113014296 7.保固與否： 8.故障問題：Rational智能蒸烤爐顯示錯誤資訊S14蒸氣發生器水位識別故障"
"T-2993","2026-07-06","2026-07-16","完修","同意報價","已封存","陳祐嘉 Dean","感受創新","SCC WE 61","5","","","","","叫修:","叫修: 1.客戶名稱/經銷：感受創新 2.統編： 3.聯絡人：宋先生 4.聯絡電話號碼：0975726581  5.地址：台北市信義區基隆路一段145-1號1樓 6.機型：E61SI19102785035 7.保固與否：過保 8.故障問題：設備漏水"
"T-8517","2026-07-06","2026-07-07","完修","","已封存","陳柏凱 Kevin","新竹喜來登","ICP 202","5","","","","","叫修:","叫修: 1.客戶名稱/經銷：新竹喜來登 2.統編：86517976 3.聯絡人：朱先生工務 4.聯絡電話號碼：0930-070636 5.地址：新竹縣竹北市十興里光明六路東１段２６５號 6.機型/機號：E22SJ25083246807 7.保固與否：保固 8.故障問題：清洗中斷  SC自動模式故障"
"T-2768","2026-07-06","2026-07-07","報價","未報價","處理中","廖聖典 Max","時代國際飯店Whotel","SCC 202","5","","","","",".名稱：時代國際飯店W hotel",".名稱：時代國際飯店W hotel  2.聯絡人 工程部0976-330927 3.地址：110臺北市信義區忠孝東路五段10號 4.機型：SCC 202 四行螢幕電力型 5.過保 6問題：無法使用  B3 MK廚"
"T-9116","2026-07-07","2026-07-07","完修","","已封存","楊棟嘉 Ken","21世紀-昌平","ICP 61","5","","","","","1.客戶名稱/經銷：21世紀-昌平","1.客戶名稱/經銷：21世紀-昌平 2.統編： 3.聯絡人：羅S-店長 4.聯絡電話號碼：04-22475721 5.地址：台中市北屯區昌平路一段352-1號1樓 6.機型/機號： 7.保固與否：否 8.故障問題：裡面的網架脫落!"
"T-6488","2026-07-06","2026-07-06","完修","","已封存","陳祐嘉 Dean","85板橋民德","EVO 2","5","","","","","大保養，更換備機!","大保養，更換備機!"
"T-1373","2026-07-07","2026-07-08","完修","","已封存","陳柏凱 Kevin","富立登國際大飯店","SCC WE  61","5","","","","","叫修:","叫修: 1.客戶名稱/經銷：富立登國際大飯店 2.統編：53058867 3.聯絡人：採購魏珍怡 4.聯絡電話號碼：03-2121212#2103 5.地址：桃園市蘆竹區長榮路55號 6.機型/機號：SCC61 3N380(107年購入)E61SI17112629495 7.保固與否：否 8.故障問題：維修26  報價單已簽回 客戶希望明天前往維修"
"T-6535","2026-07-07","2026-07-22","完修","同意報價","已封存","陳柏凱 Kevin","礁溪老爺飯店","E11SI18112712213","5","","","","","1.客戶名稱/經銷：礁溪老爺飯店","1.客戶名稱/經銷：礁溪老爺飯店 2.統編：40642753 3.聯絡人：林先生 4.聯絡電話號碼： 0919216061 5.地址：宜蘭礁溪鄉大忠村五峰路69號 6.機型/機號：E11SI18112712213 7.保固與否：否 8.故障問題：代碼25"
"T-7142","2026-07-07","","未執行","","處理中","廖聖典 Max","住家 胡小姐","SCC XS/E60SI19092775055","5","","","","","1.客戶名稱/經銷：住家 胡小姐","1.客戶名稱/經銷：住家 胡小姐 2.統編： 3.聯絡人：胡小姐 4.聯絡電話號碼：0921-963936 5.地址：台北市士林區東山路25巷81弄1號 6.機型/機號：SCC XS/E60SI19092775055 7.保固與否：過保 8.故障問題：出現S44   請於前一天聯繫通知客人維修時間"
"T-8164","2026-07-07","2026-07-08","完修","","已封存","邱信豪 Mars","承津","ICP101G/G11SJ20122863005","5","","","","","1.客戶名稱/經銷：承津","1.客戶名稱/經銷：承津 2.統編：50978496 3.聯絡人：宋先生 4.聯絡電話號碼：0916908466  5.地址：五股區芳洲二路71-10號（118號對面） 6.機型/機號：ICP101G/G11SJ20122863005 7.保固與否：過保 8.故障問題：點火系統異常及清潔排水量小  客戶反映，上次工程師維修時，有請現場留意點火系統，今天使用異常，再請協助電聯告知到修時間。"
"T-4205","2026-07-07","2026-07-08","報價","已報價","處理中","劉明忠 Yuie","家樂福 新屏店","E21SJ20092848046","5","","","","","叫修:","叫修: 1.店名：家樂福 新屏店  2.聯絡人： 3.聯絡電話號碼：張一吉養護課長0920-317-707 4.地址：屏東縣屏東市台糖街3號 5.機型：E21SJ20092848046 6.問題：無法關機 燈號一直黃綠黃綠閃 請先聯絡時間"
"T-9788","2026-07-07","2026-07-08","完修","","已封存","廖聖典 Max","禾裕宗教（北海福座餐廳","iCP101G","5","","","","","1.客戶名稱/經銷：禾裕宗教（北海福座餐廳","1.客戶名稱/經銷：禾裕宗教（北海福座餐廳 2.統編： 3.聯絡人：阿彬 4.聯絡電話號碼： 0988381960 5.地址：新北市三芝區9-2號 6.機型/機號：iCP101G 7.保固與否：保固 8.故障問題：會氣爆"
"T-8875","2026-07-07","2026-07-07","完修","","已封存","劉明忠 Yuie","金色三麥-漢神巨蛋","SCC WE 61","5","","","","","1.客戶名稱/經銷：金色三麥 漢神","1.客戶名稱/經銷：金色三麥 漢神 2.統編： 3.聯絡人：張穎芝 4.聯絡電話號碼：07 975-9909  5.地址：高雄市左營區博愛二 7.保固與否：過路777號4樓 6.機型/機號：SCC WE 61 8.故障問題：代碼27"
"T-1769","2026-06-22","2026-07-07","完修","","已封存","楊棟嘉 Ken","里家寶食品工廠","ICP 202","5","","","","","1.客戶名稱/經銷：里家寶食品工廠","1.客戶名稱/經銷：里家寶食品工廠 2.統編： 3.聯絡人： 4.聯絡電話號碼：05 238 5110 5.地址：600嘉義市西區大溪路51號 6.機型/機號：icp201 7.保固與否：保固 8.故障問題：門膠條脫落"
"T-4484","2026-07-07","2026-07-07","完修","","已封存","陳祐嘉 Dean","大吉利商行","EVO 2","5","","","","","咖啡機整備QC","咖啡機整備QC"
"T-8941","2026-07-08","2026-07-15","完修","同意報價","已封存","劉明忠 Yuie","Steakhouse萬國牛排","SCC WE 101","5","","","","","叫修","叫修 1.客戶名稱/經銷：Steakhouse萬國牛排 2.統編： 3.聯絡人：俊仁 4.聯絡電話號碼：0968806556 5.地址：台南市北區小東路147巷151號 6.機型/機號：E11SI18082685406 7.保固與否：過保 8.故障問題：須盡早脫鈣  請先提供報價，客戶想了解維修時間，超過兩小時僅能週四處理"
"T-0138","2026-07-08","2026-07-08","完修","","已封存","劉明忠 Yuie","微兜-漢神巨蛋","SCC WE 61","5","","","","","叫修","叫修 1.客戶名稱/經銷：微兜漢神 2.統編： 3.聯絡人：張穎芝 4.聯絡電話號碼：07 975-9909  5.地址：高雄市左營區博愛二路777號4樓 6.機型/機號：SCC061/E61SI19052748213 7.保固與否：過 8.故障問題：代碼25"
"T-4407","2026-07-08","2026-07-20","完修","同意報價","已封存","劉明忠 Yuie","萬家福-澄清","ICP 201","5","","","","","叫修:","叫修: 1.客戶名稱/經銷：家樂福 澄清店 2.統編： 3.聯絡人：李敏生養護課長 4.聯絡電話號碼：0903-024-781 5.地址：高雄市三民區澄清路635號 6.機型/機號：E21SJ20052829065 7.保固與否： 8.故障問題：維修代碼:48.1"
"T-5013","2026-07-08","","未完成 / 另約時間","","處理中","陳柏凱 Kevin","喬元手創食品有限公司","ICP 202","5","","","","","1.客戶名稱/經銷：喬元手創食品有限公司","1.客戶名稱/經銷：喬元手創食品有限公司 2.統編： 3.聯絡人：章小姐 4.聯絡電話號碼：02-2206-6300 5.地址：樹林區忠愛街3號6樓 6.機型/機號：ICP 202 7.保固與否：保固，剛裝機不久 8.故障問題：葉輪故障"
"T-0849","2026-07-08","2026-07-08","完修","","已封存","劉峻宇 Otto","補丁空間有限公司","Studio","5","","","","","1.客戶名稱/經銷：補丁空間有限公司","1.客戶名稱/經銷：補丁空間有限公司 2.統編：82918802 3.聯絡人：李小姐 4.聯絡電話號碼：0225955773 5.地址：新北市板橋區建國里建國街115號 6.機型/機號：Dalla Corte Studio/F22000126 7.保固與否：過保 8.故障問題："
"T-8170","2026-07-08","2026-07-08","完修","","已封存","陳祐嘉 Dean","星宇航空 vip室 二航","A600","5","","","","","1.店名：星宇航空 vip室 二航","1.店名：星宇航空 vip室 二航 2.聯絡人員：內勤 聯絡電話： 03-2601899  分機2894 3.地址：第二航廈 星宇航空 4.機型：A600 5.問題：沒開機 熱水會一直滴"
"T-1944","2026-07-01","2026-07-08","完修","","已封存","楊棟嘉 Ken","萬家福-北港店","SCC 101","5","","","","","同意報價維修","同意報價維修"
"T-6934","2026-07-07","2026-07-09","完修","","已封存","劉明忠 Yuie","全家 - 大社清福店","E60SJ24013112030","5","","","","","叫修:三級維修","叫修:三級維修 1.客戶名稱/經銷：全家 - 大社清福店 2.統編： 3.聯絡人： 顏小姐 4.聯絡電話號碼：073539048 5.地址：高雄市大社區中正路460-1號 6.機型/機號：E60SJ24013112030 7.保固與否：保固（2024/07/12安裝） 8.故障問題：Rational智能蒸烤爐面板出現通訊故障! S-34.16 內部資料通訊故障（A10 I/O 電路板）"
"T-2442","2026-07-07","2026-07-09","完修","","已封存","邱信豪 Mars","全家 -南投康金店","E60SJ22103006093","5","","","","","`叫修:二級維修`","`叫修:二級維修` 1.客戶名稱/經銷：全家 -南投康金店  2.統編： 3.聯絡人：余先生  4.聯絡電話號碼：0492247360 5.地址：南投縣南投市復興路３４２號 6.機型/機號：E60SJ22103006093 7.保固與否： 8.故障問題：Rational智能蒸烤爐顯示錯誤資訊! S-36 空調控制失敗!"
"T-2914","2026-07-09","2026-07-21","完修","","已封存","邱信豪 Mars","大吉利商行","DC-M-EVO2-W-230 展示機","20","","","","","2026/7/21(二)下午2:00送達","2026/7/21(二)下午2:00送達 台北市中山區撫順街39之2號1樓 大吉利商行 DC-M-EVO2-W-230 展示機 機器序號: V18002337 林宣宴-0973357388"
"T-9745","2026-07-09","2026-07-09","完修","","已封存","楊棟嘉 Ken","21世紀-彰化中正","E61SJ22042963754","5","","","","","叫修:","叫修: 1.客戶名稱/經銷：21世紀-彰化中正 2.統編： 3.聯絡人：劉S-店長  4.聯絡電話號碼：04-7222921 5.地址：彰化縣彰化市中正路二段85號1樓及2樓 6.機型/機號：E61SJ22042963754 7.保固與否： 8.故障問題：無法清潔!"
"T-2115","2026-07-09","2026-07-17","完修","","已封存","劉明忠 Yuie","知本老爺-船歌後廚","ICP 61","8","","","","","2026/7/16(四) 中午送達","2026/7/16(四) 中午送達 台東縣卑南鄉龍泉路113巷23號 知本老爺-船歌後廚 ICP061萬能蒸烤箱(3N380V) 機器序號: E61SJ26033303153 ICP101萬能蒸烤箱(3N380V) 機器序號: E11SJ26023289085 機器序號: E11SJ26023289086台 CMP250V.V手持攪拌機(1N110V)   機器序號: T8932112205 J80高速榨汁機(1N110V)   ROBOTCOUPE R301 ULTRA  3台蒸烤箱1台手持攪拌機1台高速榨汁機 1 台食物處理機 聯絡人: ELSA 0965133780"
"T-4831","2026-07-09","2026-07-13","完修","","已封存","邱信豪 Mars","法國秘密甜點 - 米家貿易","Studio","5","","","","","叫修","叫修  店名：法國秘密甜點 - 米家貿易 地址：106台北市大安區大安路一段16巷2號 機型：Studio 問題 把手沒反應 過保 吳承秉 0910968551"
"T-6237","2026-07-09","2026-07-14","完修","","已封存","邱信豪 Mars","新竹煙波大飯店/翔新餐飲","ICP 202","5","","","","","緊急叫修:","緊急叫修: 1.客戶名稱/經銷：新竹煙波大飯店/翔新餐飲 2.統編： 3.聯絡人：白副理 4.聯絡電話號碼：0926310716 5.地址：新竹市東區柴橋里明湖路773號 6.機型/機號：ICP 202 7.保固與否：保固內 8.故障問題：當機，無法使用，重開總電源也無法解決"
"T-9804","2026-07-09","2026-07-14","完修","同意報價","已封存","劉峻宇 Otto","復興空廚","ICP XS","5","","","","","1.客戶名稱/經銷：復興空廚","1.客戶名稱/經銷：復興空廚 2.統編： 3.聯絡人：江阿明 4.聯絡電話號碼： 0936943147 5.地址：桃園縣大園鄉三民路二段538號 6.機型/機號：SCC/E60SJ17122625141 7.保固與否：否 8.故障問題：29"
"T-1023","2026-07-09","2026-07-15","完修","","已封存","邱信豪 Mars","永春生鮮","ICP XS","5","","","","","1.客戶名稱/經銷：永春生鮮","1.客戶名稱/經銷：永春生鮮 2.統編： 3.聯絡人：許純芳 4.聯絡電話號碼：0927250100 5.地址：台北市萬華區莒光路268號二樓 6.機型/機號：iCP/XS 7.保固與否：保固 8.故障問題：前門漏水 中午13:00後才方便"
"T-7837","2026-07-09","2026-07-13","完修","","已封存","邱信豪 Mars","萬家福-板橋店","SCC WE 201","5","","","","","1.店名：家樂福板橋店","1.店名：家樂福板橋店  2.聯絡人：洪小姐 0936-869-540 3.地址：新北市板橋區三民路二段31號B1 4.機型：E21SH15032449917 5.問題：清洗中斷、機器底部漏水"
"T-5580","2026-07-09","2026-07-09","完修","","已封存","陳柏凱 Kevin","欣光食品","SCC WE 202","5","","","","","1.客戶名稱/經銷：欣光食品","1.客戶名稱/經銷：欣光食品 2.統編： 3.聯絡人：劉先生 4.聯絡電話號碼：0926811571 5.地址：320桃園市中壢區南園路2-20號 6.機型/機號：SCC202 1,2號機 7.保固與否：過保 8.故障問題：1,2號這兩台機器經常顯示缺水故障，導致清洗失敗，清洗藥劑殘留，油飯蒸不熟，但是機器缺水時水槍壓力是正常，或是忽強忽弱，濾心是新的，之前進水管路是一支主幹管再分成四支支管給四台蒸烤箱使用，但是目前已經改成兩支主幹管分別供應四台蒸烤箱使用，個人建議將2號機及3號機的進水交換，來判斷是不是進水壓力不穩定照成經常故障（目前出問題的都是1,2號機），欣光的蒸烤箱缺水煮不熟的問題已經處理很多次，但是無法根治，請再詳細檢查."
"T-1699","2026-07-09","2026-07-09","完修","","已封存","陳祐嘉 Dean","白光咖啡","Slayer Steam","5","","","","","白光咖啡有限公司同意Slayer Steam 雙孔 LP除垢大保養,","白光咖啡有限公司同意Slayer Steam 雙孔 LP除垢大保養, 新竹市北區北門街36號!請今日協助處理! 送至外包商"
"T-8061","2026-07-09","2026-07-09","完修","","已封存","林正賢 Jeff","財茂彎-328 coffee","DC ONE 磨豆機","5","","","","","1.客戶名稱/經銷：財茂彎-328 coffee","1.客戶名稱/經銷：財茂彎-328 coffee 2.統編： 3.聯絡人：陳先生 0920930679 /李小姐 0970548916 4.聯絡電話號碼： 5.地址：新北市坪林區粗窟里北宜路七段81號 6.機型/機號：DC ONE 磨豆機 G20000080 7.保固與否：過保 8.故障問題："
"T-7931","2026-07-09","2026-07-09","完修","","已封存","陳祐嘉 Dean","85-樹林中山","DC ONE","5","","","","","磨豆機移至85內湖文德","磨豆機移至85內湖文德"
"T-2721","2026-07-09","2026-07-09","完修","","已封存","劉峻宇 Otto","諾亞","ICP 61","5","","","","","蒸烤箱漏水","蒸烤箱漏水"
"T-5309","2026-07-09","2026-07-09","完修","","已封存","楊棟嘉 Ken","台中咖啡展裝機","咖啡機","5","","","","","展會裝機","展會裝機"
"T-7616","2026-07-10","2026-07-13","完修","","已封存","劉峻宇 Otto","全家 -林口文園店","XS","5","","","","","1.客戶名稱/經銷：全家 -林口文園店","1.客戶名稱/經銷：全家 -林口文園店 2.統編： 3.聯絡人：林小姐 4.聯絡電話號碼：02-26090866 5.地址：新北市林口區公園路178號1樓 6.機型/機號：E60SJ23123107705 7.保固與否：否 8.故障問題：Rational智能蒸烤爐無法排水要手動排水"
"T-3136","2026-07-11","2026-07-14","完修","","已封存","陳柏凱 Kevin","綠禾子健康餐廚","ICP 101","5","","","","","1.客戶名稱/經銷：綠禾子健康餐廚","1.客戶名稱/經銷：綠禾子健康餐廚 2.統編： 3.聯絡人：陳彥志 4.聯絡電話號碼：0928337661 5.地址：苗栗縣苗栗市府前路93號 6.機型/機號：G11SJ24073152264 7.保固與否：保固內 8.故障問題：藥片盒漏水!"
"T-6664","2026-07-11","2026-07-14","完修","","已封存","陳柏凱 Kevin","期盼時光手作餐盒","XS","5","","","","","1.客戶名稱/經銷：蒔媛有限公司  期盼時光手作餐盒","1.客戶名稱/經銷：蒔媛有限公司  期盼時光手作餐盒 2.統編：96785768 3.聯絡人：陳先生 4.聯絡電話號碼：  0987929104 5.地址：苗栗縣頭份市東民街12號 6.機型/機號：iCP XS/W61SJ20102654576 7.保固與否：否 8.故障問題：無法開機"
"T-0487","2026-07-13","2026-07-13","完修","","已封存","邱信豪 Mars","瑋恩美饌餐飲有限公司（瑋恩紐約）","ICP 61","5","","","","","1.店名：瑋恩美饌餐飲有限公司（瑋恩紐約）","1.店名：瑋恩美饌餐飲有限公司（瑋恩紐約） 2.電話：（02）37652008 3.地址：台北市松山區南京東路5段15號 5.機型 E61SJ23013027317 6.問題： S-110 現場壞什麼 可以直接現場報價 同意就能直接修"
"T-3947","2026-07-13","2026-07-14","完修","","已封存","邱信豪 Mars","21世紀-新竹大全聯","ICP 61G","5","","","","","1.客戶名稱/經銷：21世紀-新竹大全聯","1.客戶名稱/經銷：21世紀-新竹大全聯 2.統編： 3.聯絡人：劉S-職員 4.聯絡電話號碼：(03)562-1521 5.地址：新竹市東區忠孝路300號 6.機型/機號：G61SJ22042963681,G61SJ22042963714 7.保固與否： 8.故障問題：清洗時會跳掉*1台。加熱速度慢*1台 S-32.1.32 點火步驟錯誤 S-44 蒸汽加熱系統功能故障"
"T-1626","2026-07-13","2026-07-16","完修","","已封存","楊棟嘉 Ken","薰衣草森林 南投","Dalla Corte - Zero Plus 3G","5","","","","","1.店名：薰衣草森林 南投","1.店名：薰衣草森林 南投 2.電話：許瓊方0988-693367 3.地址：542南投縣草屯鎮平林里藝術路258號 4.保固內 ： 才裝機 2週多 5.機型 ：Dalla Corte - Zero Plus 3G 6.問題： 蒸氣棒 無法固定 會下垂  請先行電聯 約時間前往 附影片"
"T-7069","2026-07-13","2026-07-14","完修","","已封存","楊棟嘉 Ken","全家 -台中仁美店","XS","5","","","","","1.客戶名稱/經銷：全家 -台中仁美店","1.客戶名稱/經銷：全家 -台中仁美店 2.統編： 3.聯絡人：羅先生 4.聯絡電話號碼：0424226445 5.地址：台中市北屯區仁美里昌平東二路１７９號１樓 6.機型/機號：E60SJ23053056121 7.保固與否：否 8.故障問題：Rational智能蒸烤爐顯示錯誤資訊(蒸氣發生器進水口故障) S-11 蒸汽發生器供水故障!"
"T-6551","2026-07-13","2026-07-13","完修","","已封存","劉明忠 Yuie","金色三麥-高雄夢時代店","ICP 101","5","","","","","1.金色三麥 高雄夢時代店","1.金色三麥 高雄夢時代店 2.地址高雄市前鎮區中華五路789號1F 3.電話 07 970 0909 4.保固 5.機型 E11SJ24043134442 6.問題: S47-1 故障狀況:內場回報:近期晚間清洗 烤箱時,會跳出供水異常警報,前 幾次有檢查管線是否出水,都是正 常出水(濾心每月更換),連續3次 發生此警報故再請工務協助修繕, 前幾次都是重新退出系統,再重新 進入洗滌模式才又正常"
"T-4256","2026-07-13","2026-07-14","完修","","已封存","林正賢 Jeff","億群機場第一航廈 T1 D區","ICP 101","5","","","","","1.億群機場第一航廈 T1 D區","1.億群機場第一航廈 T1 D區 2. 電話：03-393-1989 3. 聯絡人：Una 4. 機型：ICP101 E11SJ24073152484 5. 問題：電閘會跳掉"
"T-9165","2026-07-13","2026-07-13","完修","","已封存","林正賢 Jeff","金色三麥-中壢sogo","A300","5","","","","","1.客戶名稱/經銷：金色三麥 中壢sogo","1.客戶名稱/經銷：金色三麥 中壢sogo 2.統編： 3.聯絡人：江先生 4.聯絡電話號碼：0917 239 270 5.地址： 320桃園市中壢區元化路357號8 6.機型/機號：A300 7.保固與否：否 8.故障問題：E290 RFID 模組交流"
"T-9540","2026-07-13","2026-07-15","完修","同意報價","已封存","陳祐嘉 Dean","樂家康超市-台北中坡南店","ICP 101","5","","","","","1.客戶名稱/經銷：家樂福超市-台北中坡南店","1.客戶名稱/經銷：家樂福超市-台北中坡南店 2.統編： 3.聯絡人：北北區養護 林國偉 4.聯絡電話號碼：0910-901-340 5.地址：台北市南港區中坡南路3號 6.機型/機號：E11SJ20122862045 7.保固與否： 8.故障問題：清洗中斷!"
"T-6586","2026-07-13","2026-07-16","完修","","已封存","陳柏凱 Kevin","廖育鈴","STUDIO","5","","","","","1.客戶名稱/經銷：廖育鈴","1.客戶名稱/經銷：廖育鈴 2.統編： 3.聯絡人：廖育鈴 4.聯絡電話號碼：0912-474956 5.地址：苗栗縣頭份市富強二街29號10樓 6.機型/機號：STUDIO/F22000115 7.保固與否：過保 8.故障問題：7/7後維修後有異音"
"T-0011","2026-07-13","2026-07-13","完修","","已封存","林正賢 Jeff","金色三麥-桃園藝文店","ICP 101","5","","","","","店  名:金色三麥桃園藝文店","店  名:金色三麥桃園藝文店 地  址:桃園市南平路301號 現場連絡人:楊雅婷 連絡電話: 0921902437 維修設備:ICP101 問題 ：無法開機"
"T-1842","2026-07-13","2026-07-14","完修","","已封存","廖聖典 Max","啟辰","ICC 101","5","","","","","1.客戶名稱/經銷：啟辰","1.客戶名稱/經銷：啟辰 2.統編： 3.聯絡人：啟辰窗口 賴小姐0905660307 江先生0988391660 4.聯絡電話號碼： 5.地址：新店區中央路155號18F之9 6.機型/機號：E11MJ22042963728 7.保固與否：過保 8.故障問題：漏水"
"T-1109","2026-07-13","","未執行","","處理中","陳柏凱 Kevin","順興不銹鋼調理有限公司","SCC WE 201","5","","","","","鍋爐保養","鍋爐保養"
"T-9028","2026-07-13","2026-07-14","完修","","已封存","劉峻宇 Otto","萊爾富便利商店-中正童醫店","蒸包機","5","","","","","1.客戶名稱/經銷：萊爾富便利商店-中正童醫店/丞鋒實業有限公司","1.客戶名稱/經銷：萊爾富便利商店-中正童醫店/丞鋒實業有限公司 2.統編： 3.聯絡人： 4.聯絡電話號碼：02 2370 2486 5.地址：100臺北市中正區黎明里中山南路8號B1 6.機型/機號：蒸包機 7.保固與否： 8.故障問題：無法開機!店員試了各種方式都沒用!"
"T-1077","2026-07-13","2026-07-13","完修","","已封存","劉峻宇 Otto","立智傑","Pacojet 4","5","","","","","立智傑Pacojet 4","立智傑Pacojet 4  3台更換馬達電子板"
"T-5267","2026-07-13","2026-07-14","完修","已報價","已封存","楊棟嘉 Ken","萬家福-德安店","SCC WE 201","5","","","","","濕度異常","濕度異常"
"T-5542","2026-07-13","2026-07-13","報價","已報價","處理中","楊棟嘉 Ken","全家 -台中仁美店","XS","5","","","","","報價噴槍組","報價噴槍組"
"T-6978","2026-07-13","2026-07-13","完修","","已封存","陳祐嘉 Dean","85-板橋民德","EVO 2","5","","","","","大保養完成運回","大保養完成運回"
"T-7155","2026-07-13","2026-07-13","完修","","已封存","劉峻宇 Otto","85-板橋莒光","EVO 2","5","","","","","漏蒸氣","漏蒸氣"
"T-3114","2026-07-14","2026-07-15","完修","","已封存","林正賢 Jeff","許庭維-裝機（啟辰）早午餐店","PACOJET4、IDEA32 PRO","5","","","","","2026/7/15(三) 下午1:00準時送達","2026/7/15(三) 下午1:00準時送達 台北市大安區四維路166號-早午餐店 ICPXS萬能蒸烤箱(3N380V) 機器序號: E60SJ26043308379請出此台 PACOJET4 分子料理機(1N110V) 機器序號: 250829344011請出此台 IDEA32 PRO 真空包裝機(1N220V) 聯絡人: 0912200518 許庭維"
"T-7595","2026-07-14","2026-07-16","完修","","已封存","林正賢 Jeff","台北萬豪 - 1F GK內廚房（小廚房）","CMP61","5","","","","","1.客戶名稱/經銷：台北萬豪 - 1F GK內廚房（小廚房）","1.客戶名稱/經銷：台北萬豪 - 1F GK內廚房（小廚房） 2.統編：16434853 3.聯絡人：值班工程 4.聯絡電話號碼： 096527856 5.地址：台北市中山區樂群二路199號 6.機型/機號： CMP61-E61MI17052594054 / SCC WE 101 7.保固與否：過保 8.故障問題：7/7檢修-無法清洗:待更換排水球閥及門墊圈/底部CARE泵罩殼斷裂 請先行維修更換 後補報價單   謝謝"
"T-7031","2026-07-14","2026-07-15","完修","","已封存","廖聖典 Max","國賓飯店","EVOX30","5","","","","","國賓飯店","國賓飯店   1 中餐區  2地點: 遼寧餐廳A CUT 台北市中山區遼寧街177號 3.問題: EVOX30 無法使用 4.聯絡人:0921436037 崔先生  真空包裝機故障無法封口、請安檢修"
"T-9381","2026-07-14","2026-07-27","完修","","處理中","林正賢 Jeff","新竹煙波湖濱-陽光餐廳","A600","5","","","","","1.店名：新竹煙波湖濱-陽光餐廳","1.店名：新竹煙波湖濱-陽光餐廳 2.聯絡人： 3.聯絡電話號碼： 4.地址：300新竹市東區明湖路773號 5.機型：Franke A600 6.問題：報價單已簽 保養  需夜間施工"
"T-1118","2026-07-14","","未執行","","處理中","未指派","優仕咖啡（長榮航空）","A600","5","","","","","1.優仕咖啡（長榮航空）","1.優仕咖啡（長榮航空） 2.地址：長榮VIP 二航 3.電話： 4.機型：A600 保固 5.問題：報價單已簽 保養"
"T-5893","2026-07-14","","未執行","","處理中","未指派","星宇航空 vip室 二航 上下樓","A600","5","","","","",".店名：星宇航空 vip室 二航 上下樓",".店名：星宇航空 vip室 二航 上下樓 2.聯絡人員：內勤 聯絡電話： 03-2601899  分機2894 3.地址：第二航廈 星宇航空 4.機型：A600 5.問題：報價單已簽 保養"
"T-6338","2026-07-14","2026-07-16","完修","","已封存","陳祐嘉 Dean","薩利亞-頂溪店 優士咖啡","A600","5","","","","","1.薩利亞 頂溪店 優士咖啡","1.薩利亞 頂溪店 優士咖啡 2.新北市永和區後溪里永和路二段121號2樓 3.保固 4.報價單保養已簽 優士咖啡請我們協助緊急叫修處理"
"T-9695","2026-07-14","2026-07-16","完修","","已封存","邱信豪 Mars","ucc客人-蘆洲家樂富薩利亞","A400","5","","","","","1.客戶名稱/經銷：ucc客人-蘆洲家樂富薩利亞","1.客戶名稱/經銷：ucc客人-蘆洲家樂富薩利亞 2.統編： 3.聯絡人：現場 4.聯絡電話號碼： 5.地址：241新北市三重區五華街282號4樓 6.機型/機號：a400 7.保固與否：是 8.故障問題：保養報價單已簽"
"T-9460","2026-07-14","2026-07-15","完修","","已封存","楊棟嘉 Ken","清新溫泉飯店","ICP101","5","","","","","1.客戶名稱/經銷：清新溫泉飯店","1.客戶名稱/經銷：清新溫泉飯店 2.統編：13052070 3.聯絡人：工程值班 4.聯絡電話號碼：0987-022276 5.地址：台灣台中市烏日區溫泉路 2 號B2 6.機型/機號：ICP101/E11SJ24083161582 7.保固與否：保固 8.故障問題：顯示供水功能故障"
"T-8441","2026-07-14","2026-07-15","完修","","已封存","劉峻宇 Otto","萊爾富便利商店-大園中正東店","蒸包機","5","","","","","1.客戶名稱/經銷：萊爾富便利商店-大園中正東店/丞鋒實業有限公司","1.客戶名稱/經銷：萊爾富便利商店-大園中正東店/丞鋒實業有限公司 2.統編： 3.聯絡人： 4.聯絡電話號碼：03 381 0173 5.地址：337桃園市大園區五權里中正東路三段233號 6.機型/機號：蒸包機 7.保固與否： 8.故障問題：黑色電源開關故障!"
"T-8784","2026-07-14","2026-07-15","完修","","已封存","劉峻宇 Otto","CoffeeLaw 板橋 皇翔店","Mytico","5","","","","","1.客戶名稱/經銷：CoffeeLaw 板橋 皇翔店","1.客戶名稱/經銷：CoffeeLaw 板橋 皇翔店 2.統編： 3.聯絡人：王先生 4.聯絡電話號碼：0908-922-663 5.地址：新北市板橋區漢生西路2號1樓 6.機型/機號：Mytico 7.保固與否：是 8.故障問題： 左邊 更新軟體以及調整磨豆機後都沒問題了 現在右邊有噴粉嚴重的問題，之前是沒有的 畫面是19g，累積整天下來的，但是今天他們調整到15g 仍然有噴粉的問題  建設公司拼命煩他們，再麻煩盡快處理"
"T-8505","2026-07-14","2026-07-17","完修","同意報價","已封存","陳柏凱 Kevin","21世紀-華泰","ICP 61","5","","","","","同意報價","同意報價 1.客戶名稱/經銷：21世紀-華泰 2.統編： 3.聯絡人：蔡S-職員 4.聯絡電話號碼： 03-2875921 5.地址：桃園市中壢區春德路189號2樓 店號1141 6.機型/機號：ICP061 7.保固與否： 8.故障問題： 沖水水管壞掉，要換新"
"T-2359","2026-07-14","2026-07-14","完修","","已封存","劉明忠 Yuie","全家-成功中華店","XS","5","","","","","叫修：二級維修","叫修：二級維修 1.客戶名稱/經銷：全家-成功中華店 2.統編： 3.聯絡人： 4.聯絡電話號碼：089853820 5.地址：台東縣成功鎮中華路123號1樓 6.機型/機號：E60SJ22103006073 7.保固與否：否 8.故障問題：Rational智能蒸烤爐顯示錯誤資訊:氣候控制故障 S36"
"T-7973","2026-07-14","2026-07-14","完修","","已封存","劉明忠 Yuie","知本老爺-船歌後廚_場勘","XS","5","","","","","場勘","場勘"
"T-1873","2026-07-14","2026-07-14","完修","","已封存","廖聖典 Max","芳成","J100","5","","","","","無法使用","無法使用"
"T-7398","2026-07-15","2026-07-15","完修","","已封存","廖聖典 Max","Raw赫士盟","SCC WE 61","5","","","","","店名：Raw赫士盟","店名：Raw赫士盟 地址：10491台北市中山區樂群三路301號 機型：WE 61 電話 ：02-8501-5008 #851 江小姐 問題： 烤箱有異音 去前請先聯絡江小姐"
"T-9639","2026-07-15","2026-07-21","報價","未報價","處理中","廖聖典 Max","微兜小碧潭","SCC WE 61","5","","","","","叫修","叫修 店    名:微兜小碧潭 地    址:新北市新店區中央路157號5樓 連絡人:何宛怡 電    話:02-29115998 故障狀況:清洗烤箱會漏水 SCC WE 61"
"T-2765","2026-07-15","2026-07-28","完修","同意報價","處理中","邱信豪 Mars","金色三麥 微風南山","SCC WE 61","5","","","","","叫修","叫修 店    名:金色三麥 微風南山 地    址:台北市信義區松智路17號7樓 連絡人:江先生 電    話:0985153050 故障狀況:這兩台都會一直漏水  6005015-1 後烤左 E61SI18112708103  6005015-0 後烤右 E61SI18112708199"
"T-8568","2026-07-15","2026-07-21","完修","同意報價","已封存","林正賢 Jeff","中國信託資產管理股份有限公司","iCP 202","5","","","","","1.客戶名稱/經銷：中國信託資產管理股份有限公司","1.客戶名稱/經銷：中國信託資產管理股份有限公司 2.統編： 3.聯絡人：陳小姐 4.聯絡電話號碼：(02)3327-7777分機7758 5.地址：臺北市南港區經貿二路168號B座19樓 6.機型/機號：iCP/E22SJ23033043694 7.保固與否：否 8.故障問題：清潔期間SC自動模組功能故障  目前現場少一台，客人希望能否安排明天到場維修"
"T-5037","2026-07-15","2026-07-23","完修","","已封存","陳祐嘉 Dean","Raw赫士盟","CMP 101","5","","","","","店名：Raw赫士盟","店名：Raw赫士盟 地址：10491台北市中山區樂群三路301號 機型：CMP 101 電話 ：02-8501-5008 #851 江小姐 問題： 時間旋鈕故障"
"T-7668","2026-07-15","2026-07-16","完修","","已封存","劉峻宇 Otto","卡法日常咖啡商行","Slayer SG Espresso","5","","","","","1.客戶名稱：卡法日常咖啡商行","1.客戶名稱：卡法日常咖啡商行 2.統編：91831481 3.聯絡人：許倧勛 4.聯絡電話號碼：0978795625 5.地址：325桃園市龍潭區中興路336巷140弄2號 6.機型/機號：Slayer SG Espresso 7.保固與否：否 8.故障問題："
"T-3455","2026-07-15","2026-07-16","完修","","已封存","楊棟嘉 Ken","21世紀-昌平","ICP 61","5","","","","","1.客戶名稱/經銷：21世紀-昌平","1.客戶名稱/經銷：21世紀-昌平 2.統編： 3.聯絡人：何R-職員 4.聯絡電話號碼：04-22475721 5.地址：台中市北屯區昌平路一段352-1號1樓 6.機型/機號： 7.保固與否：否 8.故障問題：烤架脫落!"
"T-0559","2026-07-15","2026-07-22","完修","","已封存","陳祐嘉 Dean","國原營造-EVO 2、DC ONE裝機","EVO 2、DC ONE","5","","","","","2026/7/22(三)上午11:00送達","2026/7/22(三)上午11:00送達 台北市大安敦南街103號 DC-M-EVO2-W-230  機器序號: V24003244請出此台 DC-GR-DC-ONE-2-W-230 機器序號: G25001074 聯絡人: 0955895373 賴威宏"
"T-7518","2026-07-15","2026-07-17","完修","","已封存","陳祐嘉 Dean","高氏柴胡-STUDIO AQD裝機","STUDIO AQD(1相220V)","5","","","","","2026/07/17(五) 請於上午11:30送達","2026/07/17(五) 請於上午11:30送達 新北市板橋區莒光路16巷15號 單孔半自動咖啡機 STUDIO AQD(1相220V) 機器序號: N25   聯絡人: 范仁智0939269385"
"T-4391","2026-07-15","2026-07-15","完修","","已封存","陳柏凱 Kevin","大塚製藥","iVario 2X","5","","","","","1.客戶名稱/經銷：大塚製藥","1.客戶名稱/經銷：大塚製藥 2.統編： 3.聯絡人： 4.聯絡電話號碼：  5.地址：桃園市中壢區文化里吉林路15號 6.機型/機號：iVario 2X/E11PK25068002526 7.保固與否：保固 8.故障問題：安全鏈故障"
"T-9433","2026-07-15","2026-07-21","完修","","已封存","劉明忠 Yuie","全家-高雄菜公店","XS","5","","","","","1.客戶名稱/經銷：全家-高雄菜公店","1.客戶名稱/經銷：全家-高雄菜公店 2.統編： 3.聯絡人：林店長 4.電話：075882590 5.地址：高雄市左營區站前南路27號1樓 6.機型/機號：E60SJ24013112025 7.保固與否：保固(2024/6/17安裝) 8.故障問題：Rational智能蒸烤爐顯示S34.16 IO板"
"T-0019","2026-07-15","2026-07-15","完修","","已封存","林正賢 Jeff","全家- 北榮長青樓店","XS","5","","","","","1.客戶名稱/經銷：全家便利商店- 北榮長青樓店","1.客戶名稱/經銷：全家便利商店- 北榮長青樓店 2.統編： 3.聯絡人：王先生 4.聯絡電話號碼：0228742808 5.地址：台北市北投區石牌路二段２０１號１樓（長青樓） 6.機型/機號:E60SJ22113014206 7.保固與否： 8.故障問題：Rational智能蒸烤爐供水裝置功能故障! S42.3 供水功能故障（Y3 加濕）"
"T-3138","2026-07-15","2026-07-15","報價","未報價","處理中","陳柏凱 Kevin","新竹老爺","SCC WE 61","5","","","","","層架變形","層架變形"
"T-4114","2026-07-15","2026-07-15","完修","","已封存","劉峻宇 Otto","Hi-life 桃縣桃海","蒸包機、關東煮機","5","","","","","故障維修","故障維修"
"T-9555","2026-07-15","2026-07-15","完修","","已封存","劉明忠 Yuie","日嚐 芳成客戶","ICP 101","5","","","","","無法開機","無法開機"
"T-0532","2026-07-16","2026-07-17","完修","","已封存","陳柏凱 Kevin","御廚房","SCC WE 202","5","","","","","叫修","叫修 1.客戶名稱/經銷：御廚房 2.統編： 3.聯絡人：周招合 4.聯絡電話號碼：  5.地址： 6.機型/機號：SCC202/G22SH15102482652 7.保固與否：否 8.故障問題：烤箱蒸部分還是不行、顯示沒有水"
"T-0906","2026-07-16","2026-07-16","取消叫修","","已封存","楊棟嘉 Ken","Google台灣資料中心/耀達","ICP 201","5","","","","","叫修:","叫修:  1.客戶名稱/經銷：Google台灣資料中心/耀達 2.統編： 3.聯絡人： Carey 4.聯絡電話號碼：0917818478  5.地址：彰化縣線西鄉彰濱西二路85號 6.機型/機號：E21SJ23053056097 7.保固與否：過 8.故障問題：蒸汽加熱系統功能故障 服務ID:S_44"
"T-7697","2026-07-16","2026-07-17","完修","","已封存","陳柏凱 Kevin","喬元手創食品有限公司","ICP 202","5","","","","","叫修：","叫修： 1.客戶名稱/經銷：喬元手創食品有限公司 2.統編： 3.聯絡人：章小姐 4.聯絡電話號碼：02-2206-6300 5.地址：樹林區忠愛街3號6樓 6.機型/機號：ICP 202 7.保固與否：保固，剛裝機不久 8.故障問題：更換門墊圈"
"T-3519","2026-07-16","2026-07-17","完修","","已封存","林正賢 Jeff","金色三麥-咖哩樹京站","ICP 61","5","","","","","叫修:","叫修: 1.客戶名稱/經銷：金色三麥  咖哩樹 京站 2.統編：24692475 3.聯絡人：黃玉琳 4.聯絡電話號碼：0930872299 5.地址： 台北市大同區承德路一段1號B3 6.機型/機號：ICP061/E61SJ21052890367 7.保固與否：過保 8.故障問題：蒸烤箱後方管子掉落"
"T-1113","2026-07-16","2026-07-17","完修","","已封存","林正賢 Jeff","全家-南港車站店","XS","5","","","","","*叫修:二級維修*","*叫修:二級維修* 1.客戶名稱/經銷：全家 - 南港車站店 2.統編： 3.聯絡人：杜先生 4.聯絡電話號碼：0227837703 5.地址：台北市南港區忠孝東路七段371號B2 6.機型/機號：E60SJ22042963711 7.保固與否：否 8.故障問題：Rational智能蒸烤爐顯示錯誤資訊:風扇故障，營業時間：06:00-23:00"
"T-0671","2026-07-16","2026-07-17","完修","","已封存","林正賢 Jeff","全家-三重興德店","XS","5","","","","","叫修：三級維修","叫修：三級維修 1.客戶名稱/經銷：全家-三重興德店 2.統編： 3.聯絡人：羅先生 4.聯絡電話號碼： 0285124015 5.地址： 新北市三重區興德路１２３號 6.機型/機號：E60SJ24013111543 7.保固與否： 8.故障問題：Rational智能蒸烤爐烹飪結果不理想，烤不熟，請於13:00~20:00到店，營業時間7點到23點"
"T-7821","2026-07-16","2026-07-16","完修","","已封存","陳柏凱 Kevin","英業達","SCC WE 201","5","","","","","鍋爐保養","鍋爐保養"
"T-2238","2026-07-16","2026-07-16","完修","","已封存","劉峻宇 Otto","Hi-life 桃縣桃海","蒸包機、關東煮機","5","","","","","桌上設備維修蒸包機、關東煮機","桌上設備維修蒸包機、關東煮機"
"T-7805","2026-07-16","2026-07-16","完修","","已封存","陳祐嘉 Dean","立智傑","Mytico","5","","","","","Mytico安裝測試","Mytico安裝測試"
"T-4068","2026-07-16","2026-07-17","完修","","已封存","邱信豪 Mars","綠禾子健康餐廚","ICP 61G","5","","","","","1.客戶名稱/經銷：綠禾子健康餐廚","1.客戶名稱/經銷：綠禾子健康餐廚 2.統編： 3.聯絡人：陳彥志 4.聯絡電話號碼：0928337661 5.地址：苗栗縣苗栗市府前路93號 6.機型/機號：G11SJ24073152264 7.保固與否：保固內 8.故障問題：又漏水!"
"T-0747","2026-07-18","2026-07-17","完修","","已封存","劉明忠 Yuie","全家-澎湖跨海店","XS","5","","","","","叫修：三級報修","叫修：三級報修 1.客戶名稱/經銷：全家-澎湖跨海店 2.統編： 3.聯絡人：許小姐 4.連絡電話：069933690 5.維修地址：澎湖縣白沙鄉通梁村通梁１９５號一樓 6.機型/機號：E60SJ22113014265 7.保固與否：否 8.固障問題：Rational智能蒸烤爐缺水 ， 營業時間06-00(6/1曾報修)"
"T-7609","2026-07-17","2026-07-18","完修","","已封存","廖聖典 Max","全家-大園公園店","XS","5","","","","","1.客戶名稱/經銷：全家便利商店-大園公園店","1.客戶名稱/經銷：全家便利商店-大園公園店 2.統編： 3.聯絡人：呂小姐 4.聯絡電話號碼：032877426 5.地址： 桃園市大園區公園路一段７２號 6.機型/機號:E60SJ23053061829 7.保固與否： 8.故障問題：Rational智能蒸烤爐設定網路連線、音量過小、時間未到成品已有點黑!"
"T-5783","2026-07-17","2026-07-18","完修","","已封存","廖聖典 Max","金色三麥-美麗華","SCC WE 101","5","","","","","1.客戶名稱/經銷：金色三麥-美麗華","1.客戶名稱/經銷：金色三麥-美麗華 2.統編：24692475 3.聯絡人：陳信元 4.聯絡電話號碼：2175-3739 5.地址：台北市中山區敬業三路20號5樓 6.機型/機號：SCC101/E11SI19092775993 7.保固與否：過 8.故障問題：烤箱門把手斷"
"T-4611","2026-07-17","2026-07-17","完修","","已封存","劉峻宇 Otto","Hi-life 內湖湖鑽店","製冰機","5","","","","","製冰機維修","製冰機維修"
"T-3239","2026-07-17","","未執行","","處理中","劉明忠 Yuie","知本老爺-船歌後廚","ICP 61、101","13","","","","","校準試機","校準試機  台東縣卑南鄉龍泉路113巷23號 知本老爺-船歌後廚 ICP061萬能蒸烤箱(3N380V) 機器序號: E61SJ26033303153 ICP101萬能蒸烤箱(3N380V) 機器序號: E11SJ26023289085 機器序號: E11SJ26023289086台 CMP250V.V手持攪拌機(1N110V)   機器序號: T8932112205 J80高速榨汁機(1N110V)   ROBOTCOUPE R301 ULTRA  3台蒸烤箱1台手持攪拌機1台高速榨汁機 1 台食物處理機 聯絡人: ELSA 0965133780"
"T-4200","2026-07-19","2026-07-20","完修","","已封存","陳柏凱 Kevin","全家-桃園聖保祿店","XS","5","","","","","報修:二級維修","報修:二級維修 1.客戶名稱/經銷：全家-桃園聖保祿店 2.統編： 3.聯絡人：陳先生 4.聯絡電話號碼：034807507 5.地址：桃園市桃園區建新街153號1樓 6.機型/機號：E60SJ24013108495 7.保固與否：否 8.故障問題：Rational智能蒸烤爐顯示錯誤資訊顯示球閥異常S27"
"T-8929","2026-07-19","2026-07-20","完修","","已封存","劉明忠 Yuie","吉品鴨莊","SCC WE 101","5","","","","","代碼52","代碼52"
"T-6817","2026-07-20","2026-07-20","完修","","已封存","陳柏凱 Kevin","新竹國賓-10樓宴會廚","SCC WE 202","5","","","","","1.客戶名稱/經銷：新竹國賓  10樓宴會廚","1.客戶名稱/經銷：新竹國賓  10樓宴會廚 2.統編：70784363 3.聯絡人：工務 4.聯絡電話號碼：03-5151666#3806 5.地址：新竹市東區中華路二段188號 6.機型/機號：SCC202/E22SI18012641371 7.保固與否：過保 8.故障問題：操作面板黑屏，無動作  7/14已更換，但目前還是故障"
"T-9052","2026-07-20","","未執行","","處理中","劉明忠 Yuie","咖啡機裝機","MYDueS3S1","9","","","","","2026/7/29(三)上午10:00送達","2026/7/29(三)上午10:00送達 高雄市鼓山區翠華路392號 FR-M-MYDueS3S1-G-4全自動咖啡機 白色 (1相220V) 機器序號:  3400000387998 聯絡人: 蔡先生0920277023"
"T-0744","2026-07-20","2026-07-20","報價","未報價","處理中","陳柏凱 Kevin","金色三麥-中壢SOGO店","SCC WE 101","5","","","","","店    名:中壢SOGO店","店    名:中壢SOGO店 地    址:桃園市中壢區元化路357號八樓 連絡人:吳育慈 電    話:03-2709099 故障狀況:十盤蒸烤箱 序號：E11SI17022574752 問題：顯示內部資料通訊故障，無法運轉34.1"
"T-0563","2026-07-20","2026-07-20","完修","","已封存","邱信豪 Mars","亞商","PACO JET 2+","5","","","","","PACO JET 2+亞商待修!","PACO JET 2+亞商待修!"
"T-1401","2026-07-20","2026-07-20","完修","","已封存","陳祐嘉 Dean","全家-板橋遠東店","XS","5","","","","","1.客戶名稱/經銷：全家-板橋遠東店","1.客戶名稱/經銷：全家-板橋遠東店 2.統編： 3.聯絡人：許店長 4.聯絡電話號碼：0229642052 5.地址：新北市板橋區遠東路１號１樓 6.機型/機號：E60SJ23053061803 7.保固與否：否 8.故障問題：Rational智能蒸烤爐水管漏水"
"T-9357","2026-07-20","2026-07-20","完修","","已封存","劉明忠 Yuie","高雄空廚","ICC 202","5","","","","","右台點火異常","右台點火異常"
"T-1992","2026-07-20","2026-07-24","完修","同意報價","已封存","陳祐嘉 Dean","Caju名嶼股份有限公司","SCC61","5","","","","","叫修：","叫修： 1.名稱：Caju名嶼股份有限公司 2.統一編號：96792493 3.王崧錡 4.電話： 公司電話：0919009270 電話：0972703619 5.地址：新北市板橋區民族路37-2號1樓 6.機型/機號： 7.保固與否：過保 8.故障：維修25"
"T-8846","2026-07-20","2026-07-20","完修","","已封存","楊棟嘉 Ken","萬家福-斗六店","E21SI16112557746","5","","","","","報修:","報修: 1.客戶名稱/經銷：萬家福-斗六店 2.統編： 3.聯絡人：Tony Lee養護課長 4.聯絡電話號碼：0921-341-771 5.地址：雲林縣斗六市雲林路二段297號 6.機型/機號：E21SI16112557746 7.保固與否：否 8.故障問題：維修服務25 不使用Cleanjet,可以烹飪 CleanJet 過程中水量過小"
"T-6267","2026-07-20","2026-07-20","完修","","已封存","林正賢 Jeff","有一點甜","iCP/XS","5","","","","","1.客戶名稱/經銷：有一點甜","1.客戶名稱/經銷：有一點甜 2.統編： 3.聯絡人：張詠綺 4.聯絡電話號碼： 0987591917 5.地址：桃園市平鎮區金陵路二段220號 6.機型/機號：iCP/XS 7.保固與否： 8.故障問題：門墊圈破損需更換"
"T-4872","2026-07-20","2026-07-20","完修","","已封存","林正賢 Jeff","21世紀-徐匯廣場","ICP61","5","","","","","緊急叫修:","緊急叫修: 1.客戶名稱/經銷：21世紀-徐匯廣場 2.統編： 3.聯絡人：陳R-職員 4.聯絡電話號碼：02-2281-8221 5.地址：新北市蘆洲區中山一路6號B1 6.機型/機號：6盤萬能蒸烤箱 7.保固與否：過 8.故障問題：溫度不足"
"T-9629","2026-07-20","2026-07-20","完修","","已封存","邱信豪 Mars","永春生鮮","iCP/XS","5","","","","","1.客戶名稱/經銷：永春生鮮","1.客戶名稱/經銷：永春生鮮 2.統編： 3.聯絡人：許純芳 4.聯絡電話號碼：0927250100 5.地址：台北市萬華區莒光路268號二樓 6.機型/機號：iCP/XS 7.保固與否：保固 8.故障問題：無法視別SD卡"
"T-6821","2026-07-20","2026-07-28","完修","同意報價","處理中","邱信豪 Mars","大鉦（經銷）布納咖啡館","G11MJ21062897346","5","","","","","叫修:","叫修: 1.客戶名稱/經銷：大鉦（經銷）布納咖啡館 2.統編： 3.聯絡人：山小姐   4.聯絡電話號碼：0980399072 5.地址：新北市中和區中安街85號B1F 6..機型：ICC101G 7.序號：G11MJ21062897346 8.問題：Service 31.1  可安排下週平日前往"
"T-2189","2026-07-20","2026-07-20","報價","已報價","處理中","廖聖典 Max","台北大直英迪格酒店/亞安工程有限公司","E11SH15042453901","5","","","","","叫修：","叫修： 1.客戶名稱/經銷：台北大直英迪格酒店/亞安工程有限公司 2.統編：16877104 3.聯絡人：王師父 4.連絡電話：0936937840 5.維修地址：北市中山區植福路200號4樓 6.機型/機號：E11SH15042453901 7.保固與否：否(方便維修時段:14:30-17:30) 8.固障問題：漏水及S-29"
"T-6942","2026-07-20","2026-07-21","完修","","已封存","廖聖典 Max","驢子餐廳 賦樂旅居店","EVOX_30","5","","","","","叫修:","叫修: 1.客戶名稱/經銷：驢子餐廳 賦樂旅居店 2.統編： 3.聯絡人：陳威衡 4.聯絡電話號碼：77216696 5.地址：台北市大安區大安路1段56號 6.機型/機號：EVOX_30 7.保固與否：過保 8.故障問題: 不能抽真空且4顆燈會閃!"
"T-4499","2026-07-22","2026-07-20","完修","","已封存","陳祐嘉 Dean","喬元手創","ICP 202","5","","","","","叫修：","叫修： 1.客戶名稱/經銷：喬元手創食品有限公司 2.統編： 3.聯絡人：章小姐 4.聯絡電話號碼：02-2206-6300 5.地址：樹林區忠愛街3號6樓 6.機型/機號：ICP 202 7.保固與否：保固，剛裝機不久 8.故障問題：更換門墊圈"
"T-1614","2026-07-23","2026-07-23","完修","","已封存","楊棟嘉 Ken","明道中學餐飲系-3樓藍帶教室_裝機","E61MJ25083246809","5","","","","","2026/7/23(四)請於上午10:00送達","2026/7/23(四)請於上午10:00送達 台中市鳥日區中山路一段497號 明道中學  餐飲系 3樓藍帶教室 ICC061 萬用蒸烤箱(3相220V) 機器序號: E61MJ25083246809 聯絡人: 0982528710 林永旻"
"T-2778","2026-07-20","2026-07-24","完修","","已封存","劉明忠 Yuie","卓武咖啡_裝機","Touch 03","5","","","","","2026/7/24 業務自送","2026/7/24 業務自送 嘉義市西區民生北路194號1樓 卓之武咖啡 Touch03 智能咖啡茶飲機白色 2台 聯 絡 人:許定燁"
"T-8840","2026-07-20","2026-07-22","完修","同意報價","已封存","陳柏凱 Kevin","真情非凡行館","SCC 61","5","","","","","1.客戶名稱/經銷：真情非凡行館","1.客戶名稱/經銷：真情非凡行館 2.統編： 3.聯絡人：吳先生 0937-158-348 4.聯絡電話號碼：  5.地址：宜蘭縣頭城鎮濱海路二段10號 6.機型/機號：SCC/61 7.保固與否：否 8.故障問題：無法清"
"T-2536","2026-07-20","2026-07-20","完修","","已封存","劉峻宇 Otto","楊爲升 (咖灰)","MINA","5","","","","","水壓異常","水壓異常"
"T-1222","2026-07-21","2026-07-23","完修","","已封存","楊棟嘉 Ken","金豐盛-林內廠","RobotCoupe MP800T","5","","","","","1.客戶名稱/經銷：金豐盛-林內廠","1.客戶名稱/經銷：金豐盛-林內廠 2.統編： 53988096 3.聯絡人： 4.聯絡電話號碼：04-23379280 #732 5.地址：雲林縣林內鄉瑞農路26號 6.機型/機號：RobotCoupe MP800T 7.保固與否：保固 8.故障問題：業者來電反應設備異常會漏電 業者告知可以安排周四或五(避開生產)"
"T-8256","2026-07-13","2026-07-21","完修","","已封存","陳柏凱 Kevin","蘭田穀王-文化店","ＤＣ-ＰＲＯ","5","","","","","1.客戶名稱/經銷：蘭田穀王－文化店","1.客戶名稱/經銷：蘭田穀王－文化店 2.統編： 3.聯絡人： 4.聯絡電話號碼：039325000 5.地址：260宜蘭縣宜蘭市民族路426號 6.機型/機號：ＤＣ－ＰＲＯ 7.保固與否：過保 8.故障問題：１.兩邊打蒸氣出來都是水沒有蒸氣"
"T-0096","2026-07-21","2026-07-21","完修","","已封存","陳柏凱 Kevin","全家 - 礁溪健康店","XS","5","","","","","宜蘭縣礁溪鄉玉石村健康路50之1號","宜蘭縣礁溪鄉玉石村健康路50之1號 這幾天有反應 故障碼S14故障碼出現，關開機後就沒有了。 後來還是有出現再次關機又正常了。 業者好奇是否是這幾天颱風天有問題還是設備本身。 現場檢查噴水槍水柱壓力正常。"
"T-1758","2026-07-21","2026-07-21","完修","","已封存","廖聖典 Max","六福萬怡","SCC-202G","5","","","","","1.客戶名稱/經銷：六福萬怡","1.客戶名稱/經銷：六福萬怡 2.統編： 54397437 3.聯絡人：許國忠課長 4.聯絡電話號碼： 02-66156565#2380  5.地址：台北市南港區忠孝東路七段359號 8樓粵亮燒臘廚 6.機型/機號：九樓三台SCC-202G 7.保固與否：保固 8.故障問題：7/21-23更換熱交換器及燃燒器三套!"
"T-2610","2026-07-15","2026-07-17","完修","","已封存","陳祐嘉 Dean","壹無界美學","EVO 2","5","","","","","2026/7/17(五)上午10:30送達","2026/7/17(五)上午10:30送達 新北市板橋區民權路5號1樓 DC-M-EVO2-W-230  機器序號: V25001136 聯絡人: 蔡先生 0920277023"
"T-2364","2026-07-21","2026-07-27","完修","已報價","處理中","劉明忠 Yuie","萬家福-台南仁德","SCC WE 201","5","","","","","無法清洗","無法清洗"
"T-9616","2026-07-21","2026-07-21","完修","","已封存","劉峻宇 Otto","Hi-life 中正童醫","蒸包機","5","","","","","無法開機","無法開機"
"T-2950","2026-07-21","2026-07-21","完修","","已封存","楊棟嘉 Ken","一笈壽司（中部電機）","ICP 61","5","","","","","漏水","漏水"
"T-3865","2026-07-21","2026-07-21","完修","","已封存","邱信豪 Mars","立智傑","Pacojet","5","","","","","Pacojet出貨前更換馬達電子板四台","Pacojet出貨前更換馬達電子板四台"
"T-7716","2026-07-21","2026-07-28","完修","","處理中","劉明忠 Yuie","萬家福-高雄愛河","SCC WE 201","9","","","","","2月份報價單同意報價","2月份報價單同意報價"
"T-4686","2026-07-21","2026-07-21","完修","","已封存","陳祐嘉 Dean","立智傑","EVO 2","5","","","","","戰備機*2 清潔完畢 測試整理完畢","戰備機*2 清潔完畢 測試整理完畢"
"T-6924","2026-07-21","","未完成 / 另約時間","","處理中","劉峻宇 Otto","裕橙 厚騰","A600","5","","","","","A600裝機","A600裝機 先行送貨，後續裝機"
"T-9948","2026-07-21","2026-07-21","完修","","已封存","楊棟嘉 Ken","好圓咖啡","XT","5","","","","","公司展示機安裝","公司展示機安裝"
"T-9663","2026-07-21","","未執行","","處理中","劉明忠 Yuie","萬家福-新楠","SCC WE 201","8","","","","","同意報價維修","同意報價維修"
"T-2214","2026-07-22","","未執行","","處理中","未指派","永春生鮮","XS","5","","","","","1.客戶名稱/經銷：永春生鮮","1.客戶名稱/經銷：永春生鮮 2.統編： 3.聯絡人：許純芳 4.聯絡電話號碼：0927250100 5.地址：台北市萬華區莒光路268號二樓 6.機型/機號：iCP/XS 7.保固與否：保固 8.故障問題：徐副總通知:客戶要求搬回測試好再送回安裝"
"T-4662","2026-07-23","2026-07-24","完修","","已封存","廖聖典 Max","全家-台中甲福店","XS","5","","","","","叫修:","叫修: 1.客戶名稱/經銷：全家-台中甲福店 2.統編： 3.聯絡人：吳先生 4.聯絡電話號碼：04-22152125 5.地址：台中市東區東英十五街300號 6.機型/機號：E60SJ23053061802 7.保固與否：否 8.故障問題：S27 球閥故障"
"T-6096","2026-07-21","2026-07-22","完修","","已封存","林正賢 Jeff","全家-土城城堡店","XS","5","","","","","1.客戶名稱/經銷：全家-土城城堡店","1.客戶名稱/經銷：全家-土城城堡店 2.統編： 3.聯絡人：郭先生 4.聯絡電話號碼：0222743213 5.地址：新北市土城區福仁街50巷1號 6.機型/機號：E60SJ22113018910 7.保固與否：否 8.故障問題：增設Rational智能蒸烤爐藍色藥錠清潔盒、綠色藥錠烤網層架，另外出現故障碼S40"
"T-3697","2026-07-21","2026-07-22","完修","","已封存","邱信豪 Mars","萬家福-內壢","SCC WE 201","5","","","","","同意報價維修","同意報價維修"
"T-3020","2026-07-21","2026-07-24","完修","","已封存","陳柏凱 Kevin","萬家福-宜蘭店","SCC WE 201","5","","","","","同意報價維修","同意報價維修"
"T-2618","2026-07-21","","未完成 / 另約時間","","處理中","林正賢 Jeff","時代國際飯店W hotel","SCC 202","5","","","","",".名稱：時代國際飯店W hotel",".名稱：時代國際飯店W hotel  2.聯絡人 工程部0976-330927 3.地址：110臺北市信義區忠孝東路五段10號 4.機型：SCC 202 四行螢幕電力型 5.過保 6問題：無法清洗  8樓中間那台"
"T-4064","2026-07-21","2026-07-27","完修","同意報價","處理中","林正賢 Jeff","21世紀-新竹大全聯","ICP 61","5","","","","","1.客戶名稱/經銷：21世紀-新竹大全聯","1.客戶名稱/經銷：21世紀-新竹大全聯 2.統編： 3.聯絡人：劉S-職員 4.聯絡電話號碼：(03)562-1521 5.地址：新竹市東區忠孝路300號 6.機型/機號：6盤 7.保固與否： 8.故障問題：內部三個層架歪掉"
"T-3644","2026-07-21","2026-07-27","完修","","處理中","邱信豪 Mars","郁選","RobotCoupe J100","5","","","","","叫修:","叫修: 1.客戶名稱/經銷：郁選 2.統編： 3.聯絡人：小嫻   4.聯絡電話號碼：09166 66252 5.地址：台北市松山區復興北路35號 6.機型/機號：RobotCoupe J100 7.保固與否：過保 8.故障問題：機器運轉，關機無法停止 9.現場不對客人報價，報給經銷商，郁選"
"T-1027","2026-07-22","2026-07-23","完修","","已封存","陳柏凱 Kevin","李宥吉","ICP 101G","5","","","","","1.客戶名稱/經銷：","1.客戶名稱/經銷： 2.統編： 3.聯絡人：李宥吉 4.連絡電話：0911891718 5.維修地址：台北市北投區振華街11號 6.機型/機號：G11SJ25113269157 7.保固與否：剛裝機 8.固障問題：出現故障代碼:34.2+19"
"T-9255","2026-07-21","","未執行","","處理中","葉幸忠 Sc.yeh","喬元手創食品有限公司","ICP 202","5","","","","","叫修：","叫修： 1.客戶名稱/經銷：喬元手創食品有限公司 2.統編： 3.聯絡人：章小姐 4.聯絡電話號碼：02-2206-6300 5.地址：樹林區忠愛街3號6樓 6.機型/機號：ICP 202 7.保固與否：保固，剛裝機不久 8.故障問題：清洗不乾淨,炭渣沾肉! 請7/23(週四）早上協同到現場檢查至清洗結束!徐副總及我會到場處理!"
"T-5490","2026-07-22","","未執行","","處理中","未指派","聚禾豐- kafeD 台北101 The One店","slayer steam LP","5","","","","","叫修:","叫修:  1.客戶名稱/經銷：聚禾豐股份有限公司- kafeD 台北101 The One店 2.統編：50824845 3.聯絡人：陳先生 4.聯絡電話號碼：0912-976616 5.地址：臺北市信義區西村里市府路45號89樓 6.機型/機號：slayer steam LP 7.保固與否：過保 8.故障問題：漏水  7/17夜間安裝，7/18客戶反應漏水，有先說明應跟裝機導致無關，需現場確認，客戶希望7/24晚上9點前往"
"T-7535","2026-07-22","2026-07-22","報價","未報價","處理中","廖聖典 Max","六福萬怡","ICP 201","5","","","","","7樓icp201","7樓icp201 導風板支架斷裂 造成清洗有時候會失敗"
"T-0413","2026-07-22","2026-07-22","完修","","已封存","廖聖典 Max","六福萬怡","SCC WE 202","5","","","","","1.客戶名稱/經銷：六福萬怡-9樓右側","1.客戶名稱/經銷：六福萬怡-9樓右側 2.統編： 54397437 3.聯絡人：許國忠課長 4.聯絡電話號碼： 02-66156565#2380  5.地址：台北市南港區忠孝東路七段359號 6.機型/機號：九樓三台SCC-202G 7.保固與否：保固 8.故障問題：7/21-23更換熱交換器及燃燒器三套!"
"T-5406","2026-07-22","2026-07-22","完修","","已封存","劉明忠 Yuie","楊柏偉-悅廚","PACOJET","5","","","","","楊柏偉-悅廚","楊柏偉-悅廚 PACOJET 運回測試OK! 備機已還悅廚"
"T-0218","2026-07-22","2026-07-22","完修","","已封存","楊棟嘉 Ken","全家-虎尾虎威店(移機安裝)","XS","5","","","","","土庫新建國店 移裝機 至 虎尾虎威店","土庫新建國店 移裝機 至 虎尾虎威店 喇叭異常更換OK"
"T-4358","2026-07-22","2026-07-22","完修","","已封存","陳柏凱 Kevin","蘭田穀王-文化店(2次維修)","DC-PRO","5","","","","","1.客戶名稱/經銷：蘭田穀王－文化店","1.客戶名稱/經銷：蘭田穀王－文化店 2.統編： 3.聯絡人： 4.聯絡電話號碼：039325000 5.地址：260宜蘭縣宜蘭市民族路426號 6.機型/機號：ＤＣ－ＰＲＯ 7.保固與否：過保 8.故障問題：１.兩邊打蒸氣出來都是水沒有蒸氣"
"T-9910","2026-07-22","2026-07-24","完修","","已封存","廖聖典 Max","舒食健康餐盒-大甲店","ICP 61G","5","","","","","叫修","叫修 1.客戶名稱/經銷：舒食健康餐盒-大甲店 2.統編： 3.聯絡人：李冠忠 4.聯絡電話號碼：04 2686 8343 5.地址：台中市大甲區雁門路363號 6.機型/機號：G61SJ21062897513 7.保固與否： 8.問題：清洗中斷。"
"T-4526","2026-07-22","2026-07-23","報價","已報價","處理中","劉明忠 Yuie","久盛企業有限公司","ICP 61","5","","","","","詢價報價維修","詢價報價維修 路竹科技園區"
"T-4900","2026-07-23","2026-07-23","完修","","已封存","陳柏凱 Kevin","焦糖楓","ICP 201","5","","","","","叫修:","叫修: 1.客戶名稱/經銷：焦糖楓 2.統編： 3.聯絡人：啊四 4.聯絡電話號碼：02-2700-7881 5.地址：台北市內湖區民權東路六段15巷30號3樓 6.機型/機號：ICP 201 7.保固與否： 8.故障問題： *前一天停水，今天使用，兩台201其中一台出現「水循環故障」，但是另一台是好的 *另一台排水管脫落，屆時請一起處理"
"T-6872","2026-07-23","2026-07-24","完修","","已封存","林正賢 Jeff","全家-龜山文德店","XS","5","","","","","叫修:","叫修: 1.客戶名稱/經銷：全家-龜山文德店 2.統編： 3.聯絡人：蕭小姐 4.聯絡電話號碼：033972063 5.地址：桃園市龜山區文德路76號1樓 6.機型/機號：E60SJ23073071697 7.保固與否：否 8.故障問題：Rational智能蒸烤爐畫面出現故障需保養，S14"
"T-6279","2026-07-22","2026-07-25","完修","","已封存","劉明忠 Yuie","21-鼎山家樂福","ICP 61","5","","","","","叫修:","叫修: 1.客戶名稱/經銷：21-鼎山家樂福 2.統編： 3.聯絡人： 呂R-職員 4.聯絡電話號碼：07-3953921 5.地址：高雄市三民區大順二路849號1樓 6.機型/機號：ICP061 7.保固與否：過 8.故障問題：會跳出""檢查烹飪箱是否有清潔殘留物"""
"T-1123","2026-07-23","2026-07-24","完修","","已封存","陳祐嘉 Dean","21-信義信安","ICP 61G","5","","","","","緊急叫修:","緊急叫修:  1.客戶名稱/經銷：21信義信安  2.統編： 3.聯絡人：林S-店長 4.聯絡電話號碼：02-23772621 5.地址：台北市信義區信安街200號1樓 6.機型/機號：ICP061G 7.保固與否：過 8.故障問題：會一直顯示點火警告(請先回電門市)"
"T-1358","2026-07-23","2026-07-27","完修","","處理中","邱信豪 Mars","游育甄","SCC WE XS","5","","","","","1.客戶名稱/經銷：游育甄","1.客戶名稱/經銷：游育甄 2.統編： 3.聯絡人：游育甄 4聯絡電話：0910518501 5.地址：台北市大同區涼州街72巷2-1號 6.機型/機號：E60SI18092696484 7.保固與否：否 8.故障問題：7/21有叫修,但更換濾芯後能用,但現在又出現一樣的問題 請先電話聯絡,客戶希望明天下午可以過去維修"
"T-6073","2026-07-23","2026-07-24","完修","","已封存","邱信豪 Mars","大誠信譽有限公司","SCC WE XS","5","","","","","1.客戶名稱/經銷：大誠信譽有限公司","1.客戶名稱/經銷：大誠信譽有限公司 2.統編：83062712 3.聯絡人：陳先生 4.聯絡電話號碼： 0916341438 5.地址：106臺北市大安區通安街88號 6.機型/機號：SCC XS 7.保固與否：否 8.故障問題：濾心漏水，如照片"
"T-7741","2026-07-22","2026-07-24","完修","","已封存","楊棟嘉 Ken","全家-台中林新店","XS","5","","","","","1.客戶名稱/經銷：全家-台中林新店","1.客戶名稱/經銷：全家-台中林新店 2.統編： 3.聯絡人：許佳雯 4.聯絡電話號碼：0422510100 5.地址：台中市南屯區惠中路三段３６號Ｂ棟１Ｆ商店２店面 6.機型/機號：E60SJ22113014440 7.保固與否：否 8.故障問題：Rational智能蒸烤爐清潔異常，請避開早、午尖峰時段"
"T-2858","2026-07-23","","未完成 / 另約時間","","處理中","林正賢 Jeff","寶萊納啤酒餐廳","SCC 61","5","","","","","叫修:","叫修:  1.客戶名稱/經銷：寶萊納啤酒餐廳 2.統編： 3.聯絡人：郁惠或大衛 4.聯絡電話號碼：03 367 6321 5.地址：寶萊納啤酒餐廳 6.機型/機號：SCC四條線 7.保固與否：過保 8.故障問題：業主沒注意設備是220v的，把它接成380v，導致設備燒掉"
"T-7008","2026-07-22","2026-07-23","報價","未報價","處理中","楊棟嘉 Ken","萬家福-彰化店","SCC WE 201","5","","","","","叫修:","叫修:  1.客戶名稱/經銷：萬家福-彰化店 2.統編： 3.聯絡人：張榮宗養護課長 4.聯絡電話號碼：0923-399-176 5.地址：彰化縣彰化市金馬路二段321號 6.機型/機號：SCC201/E21SI17052591351 7.保固與否：過保 8.故障問題：烤不熟"
"T-5747","2026-07-22","2026-07-23","完修","","已封存","林正賢 Jeff","六福萬怡","SCC WE 202G","5","","","","","更換熱交換器(第三台)","更換熱交換器(第三台)"
"T-9166","2026-07-24","","未執行","","處理中","楊棟嘉 Ken","85度C-台中健行","DC ONE","5","","","","","*緊急叫修:*","*緊急叫修:* 1.客戶名稱/經銷：85度C-台中健行 2.統編： 3.聯絡人：-店長 4.聯絡電話號碼：04-22079200 5.地址：台中市北區健行路480號 6.機型/機號：  7.保固與否： 8.故障問題：磨豆機卡死無法研磨"
"T-6748","2026-07-24","2026-07-24","完修","","已封存","林正賢 Jeff","華膳空廚股份有限公司","ICP 202","5","","","","","叫修:","叫修: 1.客戶名稱/經銷：華膳空廚股份有限公司 2.統編： 3.聯絡人：侯鴻吉 4.聯絡電話號碼：03-354-1000*5455 5.地址：桃園市蘆竹區海山路二段156巷22號 6.機型/機號：E22SJ22123025266 7.保固與否：否 8.故障問題: 熱廚萬能蒸烤箱的上風扇加熱器線接頭燒斷掉，安排技師前來更換檢修，謝謝您!"
"T-6856","2026-07-22","2026-07-24","完修","","已封存","邱信豪 Mars","李宥吉","ICP 101G","5","","","","","1.客戶名稱/經銷：","1.客戶名稱/經銷： 2.統編： 3.聯絡人：李宥吉 4.連絡電話：0911891718 5.維修地址：台北市北投區振華街11號 6.機型/機號：G11SJ25113269157 7.保固與否：剛裝機 8.固障問題：出現故障代碼:34.2"
"T-9797","2026-07-24","","未執行","","處理中","陳柏凱 Kevin","欣光食品","SCC WE 202","5","","","","","1.客戶名稱/經銷：欣光食品","1.客戶名稱/經銷：欣光食品 2.統編： 3.聯絡人：劉先生 4.聯絡電話號碼：0926811571 5.地址：320桃園市中壢區南園路2-20號 6.機型/機號：SCC202：1,2號機 7.保固與否：過保 8.故障問題：1,2號這兩台機器經常顯示缺水故障，導致清洗失敗，清洗藥劑殘留，油飯蒸不熟，但是機器缺水時水槍壓力是正常，或是忽強忽弱，濾心是新的，之前進水管路是一支主幹管再分成四支支管給四台蒸烤箱使用，但是目前已經改成兩支主幹管分別供應四台蒸烤箱使用，個人建議將2號機及3號機的進水交換，來判斷是不是進水壓力不穩定照成經常故障（目前出問題的都是1,2號機），欣光的蒸烤箱缺水煮不熟的問題已經處理很多次，但是無法根治，請再詳細檢查. 9.客人反應1號機烤出來成品的溫度和另外探針測試的溫度會差兩度，請現場確認，校正. 10.現場維修，如果不是屬於機器本生的問題，或是操作問題，請工單詳細記錄，並且向現場領班說明原因，或是正確操作方法，並請對方簽名確認，避免現場人員都狀況外，把責任都推給廠商，說我們都沒說明 11.過去維修時請將以上報價單的零件帶去現場交貨，訂單簽核中，候補，謝謝"
"T-8726","2026-07-24","","未執行","","處理中","未指派","捷兆有限公司","dalla Corte,zero","5","","","","","1.客戶名稱/經銷：捷兆有限公司","1.客戶名稱/經銷：捷兆有限公司 2.統編： 3.聯絡人：鄭小姐 4.聯絡電話號碼：0960 999 899  5.地址： 236新北市土城區學海街1號 6.機型/機號：dalla Corte,zero 7.保固與否：過保 8.故障問題：如照片故障，時好時壞，請安排檢查"
"T-1835","2026-07-24","2026-07-24","報價","已報價","處理中","葉幸忠 Sc.yeh","萬家福-重慶店","SCC WE 201","5","","","","","叫修：","叫修： 1.客戶名稱/經銷：萬家福-重慶店 2.統編： 3.聯絡人： 李建利 養護課經理 4.連絡電話：0921-953-772 5.維修地址：台北市大同區重慶北路2段171號1樓及地下1,2樓  6.機型/機號：E21SI17042582860 7.保固與否： 8.固障問題：50.00.176P 水槍總成斷裂,先報價!"
"T-3841","2026-07-24","2026-07-24","完修","","已封存","楊棟嘉 Ken","中台禪寺","SCC WE 101、201","5","","","","","101 關機異常","101 關機異常 201 S40"
"T-0797","2026-07-24","2026-07-24","完修","","已封存","陳祐嘉 Dean","立智傑","Robot-Cook","5","","","","","旋鈕異常","旋鈕異常"
"T-7352","2026-07-24","2026-07-24","完修","","已封存","劉明忠 Yuie","全家-澎湖西衛","XS","5","","","","","更換備機","更換備機"
"T-9995","2026-07-26","","未執行","","處理中","未指派","新竹煙波湖濱-陽光餐廳","A600","5","","","","","叫修","叫修  1.店名：新竹煙波湖濱-陽光餐廳 2.聯絡人： 3.聯絡電話號碼： 4.地址：300新竹市東區明湖路773號 5.機型：Franke A600 6.問題：右邊磨豆機脈衝問題 已都清潔過 都無法使用 請優先安排"
"T-5302","2026-07-26","2026-07-26","完修","","已封存","廖聖典 Max","21世紀-信義信安","ICP 61G","5","","","","","緊急叫修:","緊急叫修:  1.客戶名稱/經銷：21信義信安  2.統編： 3.聯絡人：林S-店長 4.聯絡電話號碼：02-23772621 5.地址：台北市信義區信安街200號1樓 6.機型/機號：ICP061G 7.保固與否：過 8.故障問題：顯示供水洞異常/無法清洗。"
"T-3954","2026-07-26","","未完成 / 另約時間","","處理中","廖聖典 Max","國賓飯店-中餐","真空包裝機","5","","","","","叫修","叫修 國賓飯店   1 中餐區 真空包裝機 2地點: 遼寧餐廳A CUT 台北市中山區遼寧街177號 3.機號: ITEV301 2000757 4.聯絡人:崔先生 5.問題 ORVED EVOX30 已經換過封條，但是還是封不密合上  週一再請協助mail 原廠詢問"
"T-2573","2026-07-26","2026-07-27","完修","","處理中","廖聖典 Max","國賓飯店-中餐","急冷機","5","","","","","叫修","叫修 國賓飯店   1 中餐區 急冷機 2地點: 遼寧餐廳A CUT 台北市中山區遼寧街177號 3.機號:091700039  4.聯絡人:崔先生 5.無法使用  IRINOX ICY S"
"T-0641","2026-07-26","2026-07-27","完修","","處理中","楊棟嘉 Ken","全家-台中復興北店","XS","5","","","","","叫修: 未上報修系統","叫修: 未上報修系統 1.客戶名稱/經銷：全家-台中復興北店 2.統編： 3.聯絡人：林祐瑄     4.聯絡電話號碼：0422650810 5.地址：台中市南區復興北路300號 6.機型/機號：E60SJ22113014267 7.保固與否：否 8.故障問題：店長來電告知Rational智能蒸烤爐出現蒸氣發生器填充量S14，S120"
"T-3398","2026-07-26","2026-07-27","報價","同意報價","處理中","楊棟嘉 Ken","舒食健康餐盒-大甲店","ICP 61","5","","","","","叫修","叫修 1.客戶名稱/經銷：舒食健康餐盒-大甲店 2.統編： 3.聯絡人：李冠忠 4.聯絡電話號碼：04 2686 8343 5.地址：台中市大甲區雁門路363號 6.機型/機號：G61SJ21062897513 7.保固與否： 8.問題： 中午維修好之後正常 但是剛才開門洗機子玻璃的這個墊子掉了，再麻煩安排維修"
"T-2725","2026-07-25","2026-07-25","完修","","已封存","劉明忠 Yuie","LOPIA-漢神巨蛋","A600","5","","","","","沖泡器安裝錯誤","沖泡器安裝錯誤"
"T-9775","2026-07-25","2026-07-25","完修","","已封存","劉峻宇 Otto","Hi-life 桃縣桃海","關東煮機、蒸包機","5","","","","","故障","故障"
"T-8962","2026-07-27","","未執行","","處理中","未指派","綠禾子健康餐廚","ICP 61","5","","","","","叫修:","叫修: 1.客戶名稱/經銷：綠禾子健康餐廚 2.統編： 3.聯絡人：陳彥志 4.聯絡電話號碼：0928337661 5.地址：苗栗縣苗栗市府前路93號 6.機型/機號：G11SJ24073152264 7.保固與否：保固內 8.故障問題：LED燈組更換! 13:30-15:30可以維修 其餘時間都需要使用機器哦"
"T-3165","2026-07-24","2026-07-28","完修","","處理中","林正賢 Jeff","金色三麥-桃園藝文店","ICP101","5","","","","","叫修:","叫修: 1.客戶名稱/經銷：金色三麥桃園藝文店 2.統編： 3.聯絡人：陳信元 4.聯絡電話號碼：:0922101984 5.地址：桃園市桃園區南平路301號 6.機型/機號：ICP101/E11SJ23073071235 7.保固與否：過保 8.故障問題：6/15維修後，建議更換耗材報價單已回簽"
"T-6065","2026-07-24","","未執行","","處理中","葉幸忠 Sc.yeh","新竹市立內湖國民中學","ICP 202","5","","","","","叫修:","叫修:  1.客戶名稱/經銷：新竹市立內湖國民中學 2.統編： 3.聯絡人：張靜芳營養師 4.聯絡電話號碼：03-537-3484  5.地址：新竹市香山區五福路一段12號 6.機型/機號：G22SJ23053056098 7.保固與否： 8.故障問題：固定機器腳座(自備"
"T-9365","2026-07-24","2026-07-28","完修","","處理中","林正賢 Jeff","全家-龜山文德店","XS","5","","","","","叫修:","叫修:  1.客戶名稱/經銷：全家 - 龜山文德店 2.統編： 3.聯絡人：蕭婷方 4.聯絡電話號碼：033972063 5.地址：桃園市龜山區文德路76號1樓 6.機型/機號：E60SJ23073071697 7.保固與否：否 8.故障問題：Rational智能蒸烤爐蒸氣發生器水位識別故障"
"T-2697","2026-07-27","2026-07-27","完修","","處理中","廖聖典 Max","21世紀-華泰","ICP 61","5","","","","","緊急叫修:","緊急叫修:  1.客戶名稱/經銷：21世紀-華泰 2.統編： 3.聯絡人：蔡S-職員 4.聯絡電話號碼： 03-2875921 5.地址：桃園市中壢區春德路189號2樓 店號1141 6.機型/機號：ICP061 7.保固與否： 8.故障問題： 後方水管脫落"
"T-9892","2026-07-27","2026-07-27","完修","","處理中","劉明忠 Yuie","三坪八小姐","ICP 101G","5","","","","","漏水","漏水"
"T-6751","2026-07-27","2026-07-28","未完成 / 另約時間","","處理中","楊棟嘉 Ken","中部電機（一笈壽司）","ICP 61","5","","","","","清潔盒破損","清潔盒破損"
"T-1465","2026-07-27","2026-07-28","完修","","處理中","林正賢 Jeff","全家-林口麗林店","XS","5","","","","","叫修:三級維修","叫修:三級維修 1.客戶名稱/經銷：全家-林口麗林店 2.統編： 3.聯絡人：翁小姐 4.聯絡電話號碼：0226024790 5.地址：新北市林口區中山路522號1樓 6.機型/機號：E60SJ23073071434 7.保固與否：否 8.故障問題：Rational智能蒸烤爐球閥功能故障，S27"
"T-8759","2026-07-27","","未執行","","處理中","陳柏凱 Kevin","立智傑-展示廚房","ICP 61","5","","","","","1.客戶名稱/經銷：立智傑展示廚房","1.客戶名稱/經銷：立智傑展示廚房 2.統編： 3.聯絡人：陳宥維 4.聯絡電話號碼：  5.地址： 6.機型/機號：ICP61 7.保固與否： 8.故障問題：清潔時會漏水"
"T-4671","2026-07-27","","未執行","","處理中","未指派","21世紀- 太平中山","ICP 61","5","","","","","叫修:","叫修: 1.客戶名稱/經銷：21世紀- 太平中山 2.統編： 3.聯絡人：陳S-職員 4.聯絡電話號碼：04-23913021 5.地址：台中市太平區中山路三段150+152號1樓 6.機型/機號：ICP061 7.保固與否：過保 8.故障問題：內部中心溫度探針低缸故障"
"T-2441","2026-07-27","","未執行","","處理中","未指派","昱品實業有限公司（復興中學新的團膳廠商）","SCC WE 202、ICP 202","5","","","","","叫修:","叫修: 1.客戶名稱/經銷：昱品實業有限公司（復興中學新的團膳廠商） 2.統編：53727987 3.聯絡人：張苑庭小姐 4.聯絡電話號碼：0958860751 5.地址： 復興實驗中學 6.機型/機號：SCC 40盤，ICP 40盤 7.保固與否：過保 8.故障問題：更換進水濾心 9.請過去換濾心時帶綠色，藍色藥劑各一桶交貨"
"T-4057","2026-07-28","","未執行","","處理中","未指派","21世紀-徐匯廣場","ICP 61","5","","","","","叫修:","叫修: 1.客戶名稱/經銷：21世紀-徐匯廣場 2.統編： 3.聯絡人：陳R-職員 4.聯絡電話號碼：02-2281-8221 5.地址：新北市蘆洲區中山一路6號B1 6.機型/機號：6盤萬能蒸烤箱 7.保固與否：過 8.故障問題：無法加熱"